uf,ano,mes,parada_30_59,parada_60mais,embolia,covid,total,UF
11,2018,1,0.0,5.0,1.0,0.0,697,RO
11,2018,2,1.0,5.0,2.0,0.0,553,RO
11,2018,3,1.0,6.0,1.0,0.0,686,RO
11,2018,4,2.0,7.0,0.0,0.0,666,RO
11,2018,5,1.0,8.0,2.0,0.0,720,RO
11,2018,6,2.0,10.0,1.0,0.0,665,RO
11,2018,7,0.0,3.0,0.0,0.0,712,RO
11,2018,8,0.0,3.0,0.0,0.0,691,RO
11,2018,9,3.0,5.0,4.0,0.0,728,RO
11,2018,10,1.0,7.0,3.0,0.0,658,RO
11,2018,11,1.0,10.0,1.0,0.0,659,RO
11,2018,12,1.0,12.0,0.0,0.0,730,RO
11,2019,1,2.0,4.0,1.0,0.0,720,RO
11,2019,2,0.0,4.0,3.0,0.0,606,RO
11,2019,3,1.0,3.0,1.0,0.0,711,RO
11,2019,4,1.0,4.0,1.0,0.0,771,RO
11,2019,5,2.0,7.0,1.0,0.0,755,RO
11,2019,6,2.0,5.0,2.0,0.0,656,RO
11,2019,7,1.0,4.0,2.0,0.0,702,RO
11,2019,8,0.0,4.0,2.0,0.0,685,RO
11,2019,9,0.0,5.0,2.0,0.0,712,RO
11,2019,10,0.0,8.0,1.0,0.0,658,RO
11,2019,11,1.0,5.0,6.0,0.0,687,RO
11,2019,12,1.0,4.0,2.0,0.0,675,RO
11,2020,1,1.0,7.0,2.0,0.0,677,RO
11,2020,2,0.0,2.0,1.0,0.0,639,RO
11,2020,3,2.0,0.0,1.0,2.0,749,RO
11,2020,4,0.0,6.0,3.0,21.0,696,RO
11,2020,5,1.0,5.0,2.0,175.0,886,RO
11,2020,6,0.0,7.0,2.0,396.0,1102,RO
11,2020,7,1.0,1.0,4.0,362.0,1021,RO
11,2020,8,1.0,3.0,5.0,294.0,1026,RO
11,2020,9,0.0,4.0,2.0,204.0,908,RO
11,2020,10,0.0,1.0,1.0,90.0,852,RO
11,2020,11,0.0,3.0,2.0,100.0,752,RO
11,2020,12,1.0,2.0,6.0,246.0,970,RO
11,2021,1,1.0,6.0,0.0,497.0,1276,RO
11,2021,2,1.0,1.0,0.0,677.0,1361,RO
11,2021,3,1.0,4.0,2.0,1333.0,2128,RO
11,2021,4,2.0,2.0,4.0,931.0,1663,RO
11,2021,5,2.0,5.0,1.0,534.0,1347,RO
11,2021,6,0.0,5.0,4.0,335.0,1048,RO
11,2021,7,3.0,4.0,1.0,197.0,933,RO
11,2021,8,1.0,4.0,5.0,101.0,889,RO
11,2021,9,2.0,6.0,2.0,49.0,799,RO
11,2021,10,3.0,3.0,4.0,39.0,821,RO
11,2021,11,1.0,2.0,2.0,65.0,786,RO
11,2021,12,0.0,7.0,4.0,113.0,991,RO
11,2022,1,1.0,4.0,3.0,125.0,1141,RO
11,2022,2,0.0,6.0,5.0,233.0,932,RO
11,2022,3,1.0,9.0,4.0,63.0,844,RO
11,2022,4,0.0,9.0,2.0,11.0,836,RO
11,2022,5,0.0,6.0,3.0,8.0,871,RO
11,2022,6,1.0,4.0,3.0,31.0,787,RO
11,2022,7,1.0,7.0,3.0,68.0,884,RO
11,2022,8,2.0,2.0,2.0,23.0,788,RO
11,2022,9,0.0,9.0,2.0,2.0,782,RO
11,2022,10,1.0,5.0,4.0,3.0,807,RO
11,2022,11,1.0,5.0,3.0,4.0,799,RO
11,2022,12,1.0,6.0,7.0,33.0,806,RO
11,2023,1,1.0,7.0,6.0,19.0,806,RO
11,2023,2,1.0,3.0,4.0,8.0,689,RO
11,2023,3,1.0,5.0,2.0,4.0,818,RO
11,2023,4,3.0,6.0,2.0,5.0,862,RO
11,2023,5,0.0,2.0,4.0,5.0,889,RO
11,2023,6,1.0,10.0,6.0,14.0,856,RO
11,2023,7,1.0,6.0,1.0,5.0,904,RO
11,2023,8,0.0,6.0,4.0,0.0,835,RO
11,2023,9,1.0,9.0,4.0,1.0,848,RO
11,2023,10,2.0,2.0,3.0,3.0,839,RO
11,2023,11,0.0,7.0,3.0,1.0,796,RO
11,2023,12,1.0,3.0,2.0,8.0,832,RO
11,2024,1,1.0,3.0,3.0,8.0,810,RO
11,2024,2,1.0,4.0,5.0,12.0,796,RO
11,2024,3,1.0,7.0,6.0,8.0,823,RO
11,2024,4,1.0,8.0,4.0,1.0,883,RO
11,2024,5,0.0,7.0,3.0,3.0,963,RO
11,2024,6,1.0,6.0,5.0,0.0,868,RO
11,2024,7,2.0,3.0,3.0,2.0,800,RO
11,2024,8,2.0,6.0,2.0,0.0,877,RO
11,2024,9,2.0,7.0,2.0,1.0,827,RO
11,2024,10,1.0,5.0,3.0,1.0,787,RO
11,2024,11,0.0,7.0,5.0,1.0,768,RO
11,2024,12,2.0,6.0,3.0,1.0,895,RO
12,2018,1,0.0,2.0,0.0,0.0,340,AC
12,2018,2,0.0,3.0,0.0,0.0,302,AC
12,2018,3,0.0,3.0,0.0,0.0,396,AC
12,2018,4,0.0,0.0,0.0,0.0,374,AC
12,2018,5,1.0,1.0,1.0,0.0,347,AC
12,2018,6,0.0,0.0,1.0,0.0,365,AC
12,2018,7,0.0,3.0,2.0,0.0,372,AC
12,2018,8,0.0,1.0,1.0,0.0,334,AC
12,2018,9,0.0,1.0,0.0,0.0,336,AC
12,2018,10,1.0,2.0,2.0,0.0,318,AC
12,2018,11,0.0,2.0,2.0,0.0,294,AC
12,2018,12,0.0,1.0,0.0,0.0,316,AC
12,2019,1,0.0,0.0,2.0,0.0,331,AC
12,2019,2,0.0,0.0,2.0,0.0,308,AC
12,2019,3,0.0,1.0,0.0,0.0,366,AC
12,2019,4,0.0,4.0,0.0,0.0,362,AC
12,2019,5,0.0,2.0,0.0,0.0,369,AC
12,2019,6,0.0,1.0,0.0,0.0,315,AC
12,2019,7,0.0,0.0,0.0,0.0,315,AC
12,2019,8,0.0,0.0,0.0,0.0,355,AC
12,2019,9,0.0,1.0,0.0,0.0,349,AC
12,2019,10,1.0,0.0,0.0,0.0,307,AC
12,2019,11,0.0,0.0,0.0,0.0,342,AC
12,2019,12,1.0,1.0,0.0,0.0,379,AC
12,2020,1,0.0,0.0,0.0,0.0,366,AC
12,2020,2,1.0,1.0,0.0,0.0,330,AC
12,2020,3,0.0,1.0,0.0,0.0,360,AC
12,2020,4,0.0,1.0,2.0,22.0,356,AC
12,2020,5,1.0,2.0,0.0,147.0,551,AC
12,2020,6,1.0,0.0,1.0,227.0,545,AC
12,2020,7,0.0,0.0,0.0,147.0,451,AC
12,2020,8,0.0,2.0,0.0,71.0,401,AC
12,2020,9,0.0,2.0,1.0,36.0,344,AC
12,2020,10,0.0,0.0,0.0,34.0,341,AC
12,2020,11,1.0,1.0,0.0,38.0,371,AC
12,2020,12,2.0,2.0,0.0,87.0,444,AC
12,2021,1,0.0,0.0,0.0,117.0,483,AC
12,2021,2,2.0,1.0,1.0,245.0,609,AC
12,2021,3,0.0,0.0,1.0,445.0,858,AC
12,2021,4,1.0,1.0,4.0,273.0,632,AC
12,2021,5,1.0,3.0,1.0,110.0,411,AC
12,2021,6,0.0,1.0,2.0,53.0,389,AC
12,2021,7,0.0,0.0,1.0,33.0,385,AC
12,2021,8,1.0,2.0,0.0,13.0,364,AC
12,2021,9,0.0,1.0,0.0,4.0,325,AC
12,2021,10,0.0,1.0,1.0,7.0,366,AC
12,2021,11,0.0,2.0,0.0,2.0,310,AC
12,2021,12,1.0,3.0,0.0,3.0,364,AC
12,2022,1,4.0,3.0,0.0,33.0,489,AC
12,2022,2,0.0,4.0,0.0,76.0,388,AC
12,2022,3,3.0,1.0,1.0,15.0,357,AC
12,2022,4,0.0,2.0,0.0,8.0,330,AC
12,2022,5,1.0,2.0,2.0,2.0,346,AC
12,2022,6,0.0,2.0,1.0,0.0,295,AC
12,2022,7,0.0,3.0,1.0,17.0,362,AC
12,2022,8,0.0,4.0,0.0,7.0,323,AC
12,2022,9,2.0,0.0,3.0,0.0,306,AC
12,2022,10,2.0,6.0,1.0,0.0,298,AC
12,2022,11,0.0,3.0,2.0,4.0,319,AC
12,2022,12,2.0,7.0,2.0,5.0,346,AC
12,2023,1,1.0,0.0,2.0,5.0,319,AC
12,2023,2,0.0,1.0,0.0,0.0,287,AC
12,2023,3,0.0,0.0,1.0,3.0,284,AC
12,2023,4,0.0,3.0,1.0,9.0,365,AC
12,2023,5,0.0,2.0,1.0,8.0,385,AC
12,2023,6,1.0,3.0,2.0,2.0,330,AC
12,2023,7,3.0,3.0,1.0,2.0,387,AC
12,2023,8,1.0,4.0,2.0,2.0,379,AC
12,2023,9,0.0,6.0,0.0,0.0,383,AC
12,2023,10,0.0,0.0,1.0,1.0,354,AC
12,2023,11,2.0,1.0,0.0,1.0,331,AC
12,2023,12,1.0,2.0,2.0,3.0,385,AC
12,2024,1,1.0,1.0,0.0,6.0,345,AC
12,2024,2,0.0,3.0,1.0,3.0,330,AC
12,2024,3,1.0,1.0,0.0,0.0,357,AC
12,2024,4,1.0,5.0,0.0,0.0,346,AC
12,2024,5,2.0,3.0,2.0,1.0,371,AC
12,2024,6,2.0,3.0,3.0,0.0,338,AC
12,2024,7,0.0,3.0,1.0,1.0,365,AC
12,2024,8,0.0,2.0,0.0,0.0,365,AC
12,2024,9,2.0,2.0,1.0,2.0,350,AC
12,2024,10,1.0,7.0,2.0,0.0,377,AC
12,2024,11,0.0,4.0,1.0,1.0,327,AC
12,2024,12,0.0,8.0,1.0,9.0,396,AC
13,2018,1,1.0,6.0,2.0,0.0,1502,AM
13,2018,2,1.0,3.0,2.0,0.0,1307,AM
13,2018,3,2.0,3.0,2.0,0.0,1377,AM
13,2018,4,3.0,2.0,0.0,0.0,1515,AM
13,2018,5,0.0,5.0,2.0,0.0,1597,AM
13,2018,6,2.0,4.0,3.0,0.0,1514,AM
13,2018,7,0.0,7.0,1.0,0.0,1513,AM
13,2018,8,1.0,5.0,1.0,0.0,1434,AM
13,2018,9,1.0,5.0,2.0,0.0,1443,AM
13,2018,10,0.0,10.0,2.0,0.0,1651,AM
13,2018,11,0.0,2.0,2.0,0.0,1348,AM
13,2018,12,2.0,3.0,1.0,0.0,1509,AM
13,2019,1,2.0,8.0,1.0,0.0,1448,AM
13,2019,2,0.0,2.0,3.0,0.0,1458,AM
13,2019,3,1.0,5.0,2.0,0.0,1627,AM
13,2019,4,1.0,2.0,3.0,0.0,1497,AM
13,2019,5,1.0,4.0,2.0,0.0,1550,AM
13,2019,6,0.0,5.0,4.0,0.0,1468,AM
13,2019,7,2.0,3.0,5.0,0.0,1552,AM
13,2019,8,1.0,6.0,0.0,0.0,1605,AM
13,2019,9,1.0,2.0,3.0,0.0,1509,AM
13,2019,10,2.0,6.0,2.0,0.0,1566,AM
13,2019,11,1.0,4.0,3.0,0.0,1528,AM
13,2019,12,1.0,9.0,1.0,0.0,1519,AM
13,2020,1,0.0,7.0,1.0,0.0,1634,AM
13,2020,2,2.0,7.0,4.0,0.0,1527,AM
13,2020,3,1.0,1.0,0.0,4.0,1534,AM
13,2020,4,2.0,3.0,3.0,1343.0,3779,AM
13,2020,5,1.0,2.0,0.0,1762.0,3609,AM
13,2020,6,2.0,1.0,3.0,561.0,1911,AM
13,2020,7,1.0,6.0,1.0,370.0,1709,AM
13,2020,8,0.0,9.0,0.0,280.0,1677,AM
13,2020,9,0.0,6.0,1.0,275.0,1703,AM
13,2020,10,1.0,7.0,2.0,412.0,1823,AM
13,2020,11,0.0,6.0,2.0,353.0,1722,AM
13,2020,12,3.0,4.0,1.0,560.0,2137,AM
13,2021,1,0.0,5.0,2.0,4008.0,6291,AM
13,2021,2,2.0,2.0,1.0,2603.0,4284,AM
13,2021,3,0.0,7.0,4.0,974.0,2494,AM
13,2021,4,0.0,4.0,2.0,510.0,2010,AM
13,2021,5,1.0,2.0,3.0,303.0,1948,AM
13,2021,6,2.0,3.0,1.0,242.0,1731,AM
13,2021,7,0.0,8.0,1.0,192.0,1818,AM
13,2021,8,1.0,8.0,0.0,147.0,1768,AM
13,2021,9,2.0,2.0,1.0,51.0,1588,AM
13,2021,10,1.0,4.0,2.0,31.0,1659,AM
13,2021,11,1.0,4.0,2.0,33.0,1557,AM
13,2021,12,1.0,8.0,2.0,47.0,1932,AM
13,2022,1,0.0,6.0,3.0,273.0,2115,AM
13,2022,2,0.0,5.0,2.0,244.0,1679,AM
13,2022,3,0.0,4.0,4.0,26.0,1646,AM
13,2022,4,5.0,9.0,2.0,12.0,1609,AM
13,2022,5,1.0,6.0,4.0,2.0,1727,AM
13,2022,6,3.0,7.0,1.0,6.0,1524,AM
13,2022,7,2.0,6.0,5.0,37.0,1764,AM
13,2022,8,2.0,7.0,1.0,20.0,1664,AM
13,2022,9,2.0,5.0,3.0,5.0,1610,AM
13,2022,10,1.0,9.0,3.0,25.0,1697,AM
13,2022,11,0.0,2.0,4.0,20.0,1535,AM
13,2022,12,1.0,5.0,2.0,7.0,1585,AM
13,2023,1,3.0,6.0,2.0,5.0,1720,AM
13,2023,2,2.0,8.0,6.0,36.0,1611,AM
13,2023,3,0.0,5.0,2.0,25.0,1764,AM
13,2023,4,1.0,5.0,3.0,2.0,1696,AM
13,2023,5,0.0,3.0,1.0,0.0,1763,AM
13,2023,6,0.0,11.0,2.0,2.0,1764,AM
13,2023,7,2.0,9.0,3.0,3.0,1765,AM
13,2023,8,4.0,11.0,1.0,8.0,1743,AM
13,2023,9,0.0,6.0,4.0,5.0,1637,AM
13,2023,10,0.0,10.0,2.0,4.0,1665,AM
13,2023,11,2.0,8.0,2.0,2.0,1620,AM
13,2023,12,2.0,6.0,3.0,6.0,1637,AM
13,2024,1,2.0,10.0,3.0,19.0,1777,AM
13,2024,2,1.0,11.0,2.0,10.0,1523,AM
13,2024,3,1.0,2.0,0.0,3.0,1677,AM
13,2024,4,1.0,6.0,6.0,1.0,1747,AM
13,2024,5,2.0,5.0,5.0,2.0,1765,AM
13,2024,6,4.0,7.0,4.0,8.0,1705,AM
13,2024,7,3.0,6.0,3.0,10.0,1662,AM
13,2024,8,1.0,3.0,4.0,2.0,1725,AM
13,2024,9,0.0,4.0,4.0,1.0,1760,AM
13,2024,10,1.0,3.0,3.0,0.0,1683,AM
13,2024,11,5.0,4.0,2.0,0.0,1558,AM
13,2024,12,2.0,9.0,6.0,2.0,1643,AM
14,2018,1,0.0,0.0,0.0,0.0,219,RR
14,2018,2,0.0,2.0,0.0,0.0,180,RR
14,2018,3,0.0,0.0,0.0,0.0,215,RR
14,2018,4,0.0,2.0,0.0,0.0,198,RR
14,2018,5,0.0,0.0,0.0,0.0,243,RR
14,2018,6,0.0,4.0,0.0,0.0,269,RR
14,2018,7,0.0,0.0,0.0,0.0,233,RR
14,2018,8,0.0,1.0,0.0,0.0,247,RR
14,2018,9,0.0,3.0,0.0,0.0,286,RR
14,2018,10,0.0,0.0,0.0,0.0,259,RR
14,2018,11,0.0,1.0,1.0,0.0,232,RR
14,2018,12,0.0,2.0,0.0,0.0,206,RR
14,2019,1,1.0,1.0,0.0,0.0,231,RR
14,2019,2,0.0,2.0,0.0,0.0,203,RR
14,2019,3,0.0,0.0,0.0,0.0,228,RR
14,2019,4,0.0,1.0,0.0,0.0,219,RR
14,2019,5,0.0,2.0,1.0,0.0,222,RR
14,2019,6,1.0,1.0,0.0,0.0,222,RR
14,2019,7,1.0,0.0,0.0,0.0,267,RR
14,2019,8,0.0,0.0,0.0,0.0,250,RR
14,2019,9,0.0,2.0,0.0,0.0,262,RR
14,2019,10,1.0,1.0,1.0,0.0,224,RR
14,2019,11,0.0,2.0,0.0,0.0,223,RR
14,2019,12,0.0,0.0,1.0,0.0,228,RR
14,2020,1,0.0,0.0,0.0,0.0,265,RR
14,2020,2,0.0,0.0,2.0,0.0,200,RR
14,2020,3,0.0,1.0,1.0,0.0,258,RR
14,2020,4,0.0,2.0,0.0,9.0,225,RR
14,2020,5,1.0,0.0,3.0,140.0,403,RR
14,2020,6,0.0,1.0,0.0,302.0,602,RR
14,2020,7,0.0,0.0,0.0,144.0,369,RR
14,2020,8,0.0,1.0,0.0,47.0,252,RR
14,2020,9,0.0,1.0,1.0,31.0,212,RR
14,2020,10,0.0,0.0,0.0,33.0,227,RR
14,2020,11,0.0,2.0,0.0,55.0,293,RR
14,2020,12,0.0,0.0,0.0,46.0,274,RR
14,2021,1,0.0,2.0,0.0,134.0,387,RR
14,2021,2,0.0,0.0,0.0,254.0,533,RR
14,2021,3,0.0,2.0,0.0,220.0,439,RR
14,2021,4,0.0,1.0,0.0,138.0,356,RR
14,2021,5,1.0,0.0,0.0,108.0,352,RR
14,2021,6,0.0,4.0,1.0,110.0,379,RR
14,2021,7,1.0,1.0,2.0,99.0,379,RR
14,2021,8,0.0,0.0,0.0,61.0,343,RR
14,2021,9,1.0,3.0,2.0,42.0,299,RR
14,2021,10,0.0,2.0,2.0,29.0,310,RR
14,2021,11,0.0,0.0,1.0,7.0,238,RR
14,2021,12,0.0,1.0,0.0,19.0,291,RR
14,2022,1,0.0,3.0,2.0,33.0,333,RR
14,2022,2,0.0,0.0,2.0,27.0,290,RR
14,2022,3,0.0,1.0,1.0,5.0,242,RR
14,2022,4,0.0,0.0,0.0,3.0,209,RR
14,2022,5,1.0,0.0,0.0,0.0,295,RR
14,2022,6,0.0,1.0,0.0,5.0,261,RR
14,2022,7,0.0,3.0,0.0,9.0,289,RR
14,2022,8,0.0,1.0,0.0,4.0,300,RR
14,2022,9,1.0,1.0,1.0,0.0,222,RR
14,2022,10,0.0,2.0,1.0,0.0,263,RR
14,2022,11,0.0,1.0,1.0,5.0,263,RR
14,2022,12,0.0,0.0,0.0,1.0,279,RR
14,2023,1,0.0,3.0,1.0,0.0,274,RR
14,2023,2,1.0,1.0,1.0,0.0,243,RR
14,2023,3,0.0,0.0,1.0,1.0,279,RR
14,2023,4,1.0,4.0,0.0,1.0,275,RR
14,2023,5,0.0,1.0,0.0,3.0,259,RR
14,2023,6,0.0,2.0,0.0,2.0,275,RR
14,2023,7,0.0,1.0,0.0,1.0,311,RR
14,2023,8,0.0,1.0,1.0,0.0,294,RR
14,2023,9,1.0,1.0,0.0,0.0,268,RR
14,2023,10,0.0,1.0,3.0,0.0,294,RR
14,2023,11,0.0,1.0,0.0,0.0,261,RR
14,2023,12,0.0,2.0,0.0,0.0,278,RR
14,2024,1,0.0,2.0,1.0,0.0,268,RR
14,2024,2,0.0,1.0,1.0,1.0,200,RR
14,2024,3,1.0,1.0,1.0,0.0,234,RR
14,2024,4,0.0,0.0,1.0,1.0,234,RR
14,2024,5,0.0,0.0,2.0,1.0,270,RR
14,2024,6,0.0,1.0,2.0,2.0,252,RR
14,2024,7,0.0,1.0,0.0,0.0,323,RR
14,2024,8,0.0,0.0,0.0,0.0,257,RR
14,2024,9,1.0,1.0,0.0,0.0,247,RR
14,2024,10,0.0,1.0,0.0,0.0,265,RR
14,2024,11,0.0,1.0,0.0,0.0,248,RR
14,2024,12,1.0,0.0,0.0,0.0,257,RR
15,2018,1,6.0,17.0,3.0,0.0,3360,PA
15,2018,2,3.0,13.0,8.0,0.0,3004,PA
15,2018,3,3.0,10.0,7.0,0.0,3332,PA
15,2018,4,4.0,21.0,8.0,0.0,3723,PA
15,2018,5,2.0,14.0,11.0,0.0,3737,PA
15,2018,6,1.0,6.0,12.0,0.0,3382,PA
15,2018,7,4.0,12.0,5.0,0.0,3241,PA
15,2018,8,1.0,14.0,4.0,0.0,3454,PA
15,2018,9,5.0,14.0,5.0,0.0,3276,PA
15,2018,10,4.0,19.0,4.0,0.0,3463,PA
15,2018,11,4.0,16.0,6.0,0.0,3231,PA
15,2018,12,3.0,14.0,13.0,0.0,3310,PA
15,2019,1,3.0,16.0,8.0,0.0,3394,PA
15,2019,2,1.0,11.0,9.0,0.0,3045,PA
15,2019,3,5.0,13.0,13.0,0.0,3605,PA
15,2019,4,6.0,20.0,10.0,0.0,3538,PA
15,2019,5,4.0,17.0,11.0,0.0,3826,PA
15,2019,6,3.0,11.0,8.0,0.0,3457,PA
15,2019,7,3.0,15.0,10.0,0.0,3366,PA
15,2019,8,3.0,12.0,3.0,0.0,3321,PA
15,2019,9,2.0,19.0,5.0,0.0,3238,PA
15,2019,10,2.0,14.0,13.0,0.0,3281,PA
15,2019,11,1.0,20.0,7.0,0.0,3166,PA
15,2019,12,4.0,12.0,8.0,0.0,3362,PA
15,2020,1,2.0,15.0,7.0,0.0,3457,PA
15,2020,2,5.0,13.0,4.0,0.0,3312,PA
15,2020,3,2.0,14.0,9.0,2.0,3882,PA
15,2020,4,4.0,15.0,5.0,879.0,5484,PA
15,2020,5,6.0,25.0,8.0,2950.0,8427,PA
15,2020,6,2.0,15.0,9.0,1439.0,4773,PA
15,2020,7,2.0,9.0,12.0,851.0,4119,PA
15,2020,8,5.0,15.0,9.0,509.0,3757,PA
15,2020,9,3.0,15.0,6.0,333.0,3577,PA
15,2020,10,2.0,24.0,8.0,223.0,3566,PA
15,2020,11,8.0,14.0,4.0,297.0,3449,PA
15,2020,12,2.0,24.0,7.0,424.0,3840,PA
15,2021,1,3.0,18.0,7.0,771.0,4208,PA
15,2021,2,3.0,16.0,4.0,1043.0,4135,PA
15,2021,3,5.0,14.0,10.0,2705.0,6646,PA
15,2021,4,5.0,13.0,6.0,2641.0,6157,PA
15,2021,5,9.0,26.0,10.0,1079.0,4574,PA
15,2021,6,7.0,13.0,2.0,732.0,4067,PA
15,2021,7,4.0,12.0,10.0,425.0,3877,PA
15,2021,8,7.0,23.0,11.0,224.0,3673,PA
15,2021,9,7.0,22.0,9.0,110.0,3439,PA
15,2021,10,10.0,26.0,7.0,105.0,3597,PA
15,2021,11,5.0,22.0,8.0,203.0,3481,PA
15,2021,12,6.0,32.0,14.0,361.0,4312,PA
15,2022,1,9.0,31.0,10.0,567.0,5564,PA
15,2022,2,1.0,22.0,10.0,563.0,3908,PA
15,2022,3,5.0,22.0,8.0,110.0,3552,PA
15,2022,4,3.0,20.0,8.0,25.0,3456,PA
15,2022,5,4.0,9.0,10.0,16.0,3778,PA
15,2022,6,6.0,14.0,11.0,24.0,3647,PA
15,2022,7,3.0,22.0,7.0,149.0,3860,PA
15,2022,8,3.0,22.0,9.0,83.0,3672,PA
15,2022,9,8.0,22.0,4.0,14.0,3435,PA
15,2022,10,5.0,15.0,11.0,24.0,3566,PA
15,2022,11,1.0,11.0,12.0,56.0,3421,PA
15,2022,12,4.0,14.0,9.0,25.0,3640,PA
15,2023,1,4.0,15.0,8.0,19.0,3553,PA
15,2023,2,5.0,14.0,11.0,47.0,3406,PA
15,2023,3,3.0,19.0,8.0,39.0,3705,PA
15,2023,4,9.0,11.0,8.0,17.0,3670,PA
15,2023,5,7.0,17.0,12.0,12.0,3785,PA
15,2023,6,5.0,20.0,13.0,11.0,3582,PA
15,2023,7,4.0,20.0,7.0,18.0,3732,PA
15,2023,8,3.0,11.0,7.0,11.0,3591,PA
15,2023,9,3.0,20.0,11.0,7.0,3725,PA
15,2023,10,4.0,24.0,12.0,5.0,3688,PA
15,2023,11,1.0,21.0,12.0,2.0,3485,PA
15,2023,12,4.0,17.0,12.0,22.0,3858,PA
15,2024,1,7.0,21.0,18.0,65.0,3785,PA
15,2024,2,7.0,21.0,15.0,27.0,3532,PA
15,2024,3,5.0,17.0,23.0,7.0,3876,PA
15,2024,4,2.0,26.0,18.0,6.0,4074,PA
15,2024,5,6.0,23.0,15.0,13.0,4015,PA
15,2024,6,4.0,16.0,13.0,7.0,3824,PA
15,2024,7,8.0,23.0,17.0,3.0,3770,PA
15,2024,8,2.0,22.0,14.0,5.0,3828,PA
15,2024,9,4.0,18.0,17.0,3.0,3655,PA
15,2024,10,3.0,17.0,8.0,2.0,3688,PA
15,2024,11,0.0,14.0,17.0,4.0,3629,PA
15,2024,12,4.0,17.0,20.0,5.0,3699,PA
16,2018,1,0.0,4.0,0.0,0.0,259,AP
16,2018,2,0.0,1.0,0.0,0.0,240,AP
16,2018,3,0.0,0.0,3.0,0.0,288,AP
16,2018,4,0.0,0.0,2.0,0.0,290,AP
16,2018,5,0.0,0.0,0.0,0.0,309,AP
16,2018,6,0.0,1.0,1.0,0.0,287,AP
16,2018,7,0.0,0.0,1.0,0.0,267,AP
16,2018,8,1.0,0.0,1.0,0.0,276,AP
16,2018,9,0.0,0.0,0.0,0.0,279,AP
16,2018,10,0.0,0.0,1.0,0.0,279,AP
16,2018,11,0.0,0.0,0.0,0.0,269,AP
16,2018,12,0.0,0.0,0.0,0.0,302,AP
16,2019,1,0.0,0.0,0.0,0.0,285,AP
16,2019,2,0.0,1.0,0.0,0.0,258,AP
16,2019,3,1.0,1.0,1.0,0.0,333,AP
16,2019,4,0.0,1.0,1.0,0.0,329,AP
16,2019,5,1.0,2.0,0.0,0.0,330,AP
16,2019,6,0.0,1.0,0.0,0.0,307,AP
16,2019,7,0.0,0.0,1.0,0.0,291,AP
16,2019,8,0.0,0.0,1.0,0.0,274,AP
16,2019,9,1.0,0.0,0.0,0.0,281,AP
16,2019,10,0.0,0.0,0.0,0.0,273,AP
16,2019,11,0.0,0.0,0.0,0.0,281,AP
16,2019,12,0.0,0.0,1.0,0.0,282,AP
16,2020,1,0.0,0.0,0.0,0.0,314,AP
16,2020,2,1.0,0.0,0.0,0.0,295,AP
16,2020,3,0.0,1.0,0.0,0.0,262,AP
16,2020,4,0.0,1.0,0.0,57.0,396,AP
16,2020,5,0.0,0.0,0.0,404.0,817,AP
16,2020,6,0.0,2.0,0.0,246.0,498,AP
16,2020,7,0.0,2.0,1.0,76.0,344,AP
16,2020,8,0.0,1.0,0.0,47.0,301,AP
16,2020,9,0.0,1.0,1.0,24.0,293,AP
16,2020,10,0.0,1.0,1.0,39.0,297,AP
16,2020,11,0.0,0.0,1.0,89.0,379,AP
16,2020,12,0.0,0.0,1.0,131.0,421,AP
16,2021,1,0.0,0.0,0.0,97.0,398,AP
16,2021,2,0.0,0.0,0.0,65.0,330,AP
16,2021,3,0.0,0.0,0.0,213.0,544,AP
16,2021,4,0.0,0.0,2.0,278.0,550,AP
16,2021,5,0.0,1.0,1.0,148.0,473,AP
16,2021,6,0.0,0.0,1.0,133.0,436,AP
16,2021,7,1.0,0.0,1.0,60.0,347,AP
16,2021,8,1.0,0.0,0.0,34.0,350,AP
16,2021,9,1.0,1.0,2.0,10.0,342,AP
16,2021,10,0.0,1.0,0.0,7.0,315,AP
16,2021,11,0.0,0.0,0.0,6.0,286,AP
16,2021,12,0.0,0.0,1.0,17.0,379,AP
16,2022,1,1.0,0.0,0.0,51.0,463,AP
16,2022,2,0.0,0.0,1.0,56.0,347,AP
16,2022,3,1.0,1.0,1.0,8.0,285,AP
16,2022,4,0.0,0.0,0.0,3.0,309,AP
16,2022,5,0.0,0.0,0.0,0.0,306,AP
16,2022,6,0.0,0.0,0.0,1.0,316,AP
16,2022,7,0.0,1.0,0.0,17.0,296,AP
16,2022,8,0.0,1.0,1.0,6.0,310,AP
16,2022,9,0.0,1.0,2.0,0.0,265,AP
16,2022,10,1.0,0.0,1.0,1.0,298,AP
16,2022,11,1.0,3.0,1.0,1.0,302,AP
16,2022,12,3.0,1.0,2.0,2.0,349,AP
16,2023,1,0.0,1.0,0.0,3.0,336,AP
16,2023,2,2.0,1.0,0.0,3.0,329,AP
16,2023,3,0.0,2.0,0.0,0.0,307,AP
16,2023,4,0.0,2.0,0.0,0.0,300,AP
16,2023,5,0.0,1.0,0.0,0.0,375,AP
16,2023,6,1.0,0.0,2.0,0.0,328,AP
16,2023,7,0.0,1.0,0.0,0.0,318,AP
16,2023,8,0.0,1.0,0.0,0.0,309,AP
16,2023,9,0.0,1.0,0.0,0.0,322,AP
16,2023,10,0.0,0.0,0.0,0.0,363,AP
16,2023,11,0.0,2.0,0.0,0.0,291,AP
16,2023,12,1.0,0.0,0.0,1.0,348,AP
16,2024,1,0.0,1.0,1.0,5.0,318,AP
16,2024,2,1.0,2.0,1.0,0.0,307,AP
16,2024,3,3.0,0.0,0.0,1.0,361,AP
16,2024,4,0.0,1.0,1.0,1.0,324,AP
16,2024,5,1.0,4.0,1.0,0.0,356,AP
16,2024,6,0.0,3.0,2.0,1.0,312,AP
16,2024,7,0.0,2.0,0.0,1.0,375,AP
16,2024,8,0.0,2.0,0.0,0.0,296,AP
16,2024,9,0.0,4.0,0.0,0.0,331,AP
16,2024,10,1.0,3.0,0.0,0.0,327,AP
16,2024,11,2.0,1.0,0.0,0.0,287,AP
16,2024,12,3.0,5.0,2.0,0.0,309,AP
17,2018,1,2.0,8.0,2.0,0.0,625,TO
17,2018,2,1.0,1.0,2.0,0.0,557,TO
17,2018,3,1.0,2.0,2.0,0.0,652,TO
17,2018,4,2.0,10.0,2.0,0.0,690,TO
17,2018,5,0.0,3.0,3.0,0.0,701,TO
17,2018,6,1.0,5.0,0.0,0.0,657,TO
17,2018,7,1.0,4.0,1.0,0.0,675,TO
17,2018,8,3.0,5.0,0.0,0.0,666,TO
17,2018,9,0.0,5.0,0.0,0.0,631,TO
17,2018,10,0.0,5.0,2.0,0.0,658,TO
17,2018,11,1.0,5.0,1.0,0.0,603,TO
17,2018,12,3.0,4.0,2.0,0.0,680,TO
17,2019,1,2.0,3.0,4.0,0.0,662,TO
17,2019,2,1.0,2.0,0.0,0.0,603,TO
17,2019,3,0.0,13.0,1.0,0.0,638,TO
17,2019,4,1.0,4.0,3.0,0.0,729,TO
17,2019,5,3.0,6.0,4.0,0.0,699,TO
17,2019,6,0.0,2.0,2.0,0.0,640,TO
17,2019,7,0.0,6.0,1.0,0.0,660,TO
17,2019,8,2.0,5.0,4.0,0.0,652,TO
17,2019,9,0.0,4.0,2.0,0.0,688,TO
17,2019,10,1.0,5.0,0.0,0.0,654,TO
17,2019,11,0.0,5.0,1.0,0.0,649,TO
17,2019,12,1.0,3.0,7.0,0.0,747,TO
17,2020,1,0.0,6.0,0.0,0.0,677,TO
17,2020,2,0.0,3.0,0.0,0.0,628,TO
17,2020,3,1.0,8.0,1.0,1.0,678,TO
17,2020,4,2.0,3.0,1.0,4.0,618,TO
17,2020,5,1.0,8.0,2.0,71.0,708,TO
17,2020,6,3.0,7.0,1.0,118.0,778,TO
17,2020,7,0.0,5.0,2.0,189.0,900,TO
17,2020,8,0.0,9.0,2.0,326.0,1073,TO
17,2020,9,0.0,7.0,2.0,238.0,955,TO
17,2020,10,0.0,4.0,2.0,106.0,807,TO
17,2020,11,3.0,3.0,2.0,62.0,707,TO
17,2020,12,1.0,7.0,2.0,63.0,742,TO
17,2021,1,0.0,2.0,1.0,156.0,845,TO
17,2021,2,0.0,0.0,1.0,158.0,828,TO
17,2021,3,0.0,4.0,1.0,640.0,1403,TO
17,2021,4,3.0,5.0,1.0,528.0,1216,TO
17,2021,5,0.0,6.0,2.0,355.0,1144,TO
17,2021,6,2.0,7.0,1.0,370.0,1076,TO
17,2021,7,3.0,6.0,2.0,199.0,975,TO
17,2021,8,0.0,5.0,3.0,108.0,915,TO
17,2021,9,0.0,8.0,3.0,74.0,806,TO
17,2021,10,1.0,6.0,1.0,37.0,746,TO
17,2021,11,0.0,8.0,3.0,33.0,720,TO
17,2021,12,3.0,7.0,4.0,44.0,840,TO
17,2022,1,3.0,8.0,4.0,153.0,1221,TO
17,2022,2,2.0,7.0,1.0,83.0,819,TO
17,2022,3,0.0,4.0,2.0,12.0,711,TO
17,2022,4,1.0,2.0,2.0,4.0,727,TO
17,2022,5,3.0,6.0,3.0,3.0,757,TO
17,2022,6,0.0,5.0,3.0,22.0,737,TO
17,2022,7,2.0,5.0,3.0,37.0,792,TO
17,2022,8,1.0,6.0,1.0,8.0,748,TO
17,2022,9,3.0,9.0,3.0,2.0,708,TO
17,2022,10,1.0,3.0,0.0,2.0,734,TO
17,2022,11,2.0,3.0,1.0,1.0,661,TO
17,2022,12,0.0,2.0,5.0,31.0,755,TO
17,2023,1,2.0,6.0,3.0,24.0,774,TO
17,2023,2,1.0,7.0,1.0,9.0,679,TO
17,2023,3,0.0,3.0,2.0,10.0,723,TO
17,2023,4,1.0,4.0,1.0,9.0,776,TO
17,2023,5,0.0,7.0,2.0,12.0,825,TO
17,2023,6,0.0,5.0,5.0,6.0,718,TO
17,2023,7,0.0,4.0,0.0,3.0,745,TO
17,2023,8,0.0,4.0,3.0,2.0,748,TO
17,2023,9,1.0,4.0,3.0,1.0,696,TO
17,2023,10,0.0,1.0,3.0,4.0,763,TO
17,2023,11,2.0,6.0,2.0,2.0,757,TO
17,2023,12,0.0,7.0,3.0,1.0,708,TO
17,2024,1,0.0,4.0,0.0,10.0,710,TO
17,2024,2,0.0,2.0,1.0,9.0,712,TO
17,2024,3,0.0,1.0,0.0,3.0,778,TO
17,2024,4,1.0,5.0,2.0,3.0,852,TO
17,2024,5,1.0,9.0,0.0,4.0,902,TO
17,2024,6,1.0,3.0,0.0,1.0,764,TO
17,2024,7,1.0,4.0,6.0,2.0,753,TO
17,2024,8,1.0,7.0,3.0,1.0,777,TO
17,2024,9,0.0,6.0,4.0,3.0,812,TO
17,2024,10,3.0,5.0,5.0,3.0,796,TO
17,2024,11,0.0,6.0,5.0,1.0,751,TO
17,2024,12,2.0,8.0,4.0,2.0,820,TO
21,2018,1,3.0,12.0,3.0,0.0,2863,MA
21,2018,2,2.0,8.0,11.0,0.0,2624,MA
21,2018,3,4.0,9.0,11.0,0.0,2901,MA
21,2018,4,5.0,10.0,9.0,0.0,3054,MA
21,2018,5,3.0,13.0,7.0,0.0,3312,MA
21,2018,6,1.0,6.0,8.0,0.0,2895,MA
21,2018,7,5.0,8.0,9.0,0.0,2879,MA
21,2018,8,3.0,16.0,4.0,0.0,2869,MA
21,2018,9,0.0,10.0,10.0,0.0,2804,MA
21,2018,10,0.0,8.0,8.0,0.0,2741,MA
21,2018,11,2.0,9.0,7.0,0.0,2678,MA
21,2018,12,1.0,8.0,7.0,0.0,2905,MA
21,2019,1,4.0,8.0,5.0,0.0,2999,MA
21,2019,2,3.0,4.0,7.0,0.0,2591,MA
21,2019,3,2.0,13.0,6.0,0.0,3016,MA
21,2019,4,1.0,7.0,5.0,0.0,3017,MA
21,2019,5,4.0,7.0,10.0,0.0,3196,MA
21,2019,6,4.0,12.0,8.0,0.0,3060,MA
21,2019,7,2.0,8.0,5.0,0.0,3079,MA
21,2019,8,5.0,14.0,8.0,0.0,2896,MA
21,2019,9,3.0,17.0,9.0,0.0,2927,MA
21,2019,10,6.0,8.0,12.0,0.0,2768,MA
21,2019,11,4.0,9.0,6.0,0.0,2653,MA
21,2019,12,2.0,15.0,11.0,0.0,2926,MA
21,2020,1,3.0,11.0,12.0,0.0,2896,MA
21,2020,2,7.0,10.0,9.0,0.0,2914,MA
21,2020,3,2.0,15.0,6.0,4.0,3420,MA
21,2020,4,6.0,9.0,10.0,329.0,3811,MA
21,2020,5,3.0,23.0,14.0,1458.0,6112,MA
21,2020,6,2.0,13.0,16.0,1181.0,4462,MA
21,2020,7,2.0,10.0,9.0,767.0,3756,MA
21,2020,8,5.0,9.0,4.0,537.0,3592,MA
21,2020,9,2.0,11.0,8.0,318.0,3101,MA
21,2020,10,2.0,15.0,9.0,185.0,3111,MA
21,2020,11,3.0,11.0,8.0,160.0,2993,MA
21,2020,12,4.0,5.0,9.0,194.0,3103,MA
21,2021,1,3.0,9.0,8.0,290.0,3352,MA
21,2021,2,4.0,13.0,9.0,625.0,3415,MA
21,2021,3,8.0,13.0,20.0,1665.0,5051,MA
21,2021,4,4.0,20.0,21.0,1523.0,4630,MA
21,2021,5,7.0,12.0,12.0,1112.0,4408,MA
21,2021,6,5.0,24.0,15.0,1044.0,4191,MA
21,2021,7,3.0,11.0,13.0,559.0,3647,MA
21,2021,8,6.0,8.0,8.0,245.0,3271,MA
21,2021,9,4.0,12.0,12.0,127.0,2989,MA
21,2021,10,3.0,18.0,9.0,79.0,3111,MA
21,2021,11,9.0,15.0,11.0,118.0,3141,MA
21,2021,12,5.0,11.0,11.0,133.0,3448,MA
21,2022,1,2.0,31.0,19.0,380.0,4964,MA
21,2022,2,3.0,21.0,7.0,267.0,3301,MA
21,2022,3,2.0,22.0,12.0,41.0,3183,MA
21,2022,4,0.0,17.0,8.0,10.0,3102,MA
21,2022,5,3.0,11.0,7.0,5.0,3393,MA
21,2022,6,5.0,12.0,7.0,26.0,3169,MA
21,2022,7,6.0,15.0,12.0,126.0,3403,MA
21,2022,8,3.0,11.0,15.0,31.0,3150,MA
21,2022,9,7.0,11.0,9.0,7.0,2938,MA
21,2022,10,5.0,16.0,7.0,3.0,3126,MA
21,2022,11,5.0,18.0,3.0,20.0,2985,MA
21,2022,12,8.0,23.0,13.0,55.0,3222,MA
21,2023,1,7.0,23.0,8.0,12.0,3233,MA
21,2023,2,5.0,16.0,11.0,4.0,3013,MA
21,2023,3,0.0,17.0,12.0,7.0,3383,MA
21,2023,4,3.0,12.0,11.0,13.0,3307,MA
21,2023,5,7.0,16.0,15.0,9.0,3328,MA
21,2023,6,3.0,10.0,20.0,9.0,3296,MA
21,2023,7,3.0,15.0,8.0,2.0,3360,MA
21,2023,8,5.0,12.0,16.0,3.0,3219,MA
21,2023,9,3.0,14.0,8.0,1.0,3205,MA
21,2023,10,1.0,9.0,6.0,3.0,3127,MA
21,2023,11,4.0,18.0,6.0,0.0,3096,MA
21,2023,12,8.0,12.0,10.0,15.0,3180,MA
21,2024,1,4.0,17.0,5.0,23.0,3375,MA
21,2024,2,7.0,14.0,9.0,5.0,3036,MA
21,2024,3,4.0,17.0,6.0,4.0,3435,MA
21,2024,4,5.0,12.0,13.0,0.0,3744,MA
21,2024,5,1.0,20.0,10.0,6.0,3537,MA
21,2024,6,3.0,17.0,7.0,4.0,3207,MA
21,2024,7,2.0,18.0,10.0,4.0,3229,MA
21,2024,8,9.0,21.0,15.0,1.0,3270,MA
21,2024,9,4.0,24.0,13.0,0.0,3393,MA
21,2024,10,3.0,28.0,3.0,2.0,3416,MA
21,2024,11,4.0,16.0,5.0,2.0,3159,MA
21,2024,12,10.0,23.0,12.0,1.0,3342,MA
22,2018,1,2.0,5.0,5.0,0.0,1560,PI
22,2018,2,2.0,7.0,2.0,0.0,1568,PI
22,2018,3,3.0,5.0,3.0,0.0,1782,PI
22,2018,4,2.0,3.0,5.0,0.0,1833,PI
22,2018,5,2.0,6.0,4.0,0.0,1849,PI
22,2018,6,2.0,8.0,8.0,0.0,1628,PI
22,2018,7,0.0,4.0,4.0,0.0,1642,PI
22,2018,8,2.0,4.0,5.0,0.0,1511,PI
22,2018,9,2.0,8.0,6.0,0.0,1701,PI
22,2018,10,2.0,5.0,4.0,0.0,1688,PI
22,2018,11,1.0,13.0,3.0,0.0,1630,PI
22,2018,12,3.0,4.0,6.0,0.0,1591,PI
22,2019,1,3.0,7.0,7.0,0.0,1686,PI
22,2019,2,4.0,8.0,1.0,0.0,1480,PI
22,2019,3,2.0,11.0,3.0,0.0,1756,PI
22,2019,4,3.0,7.0,5.0,0.0,1865,PI
22,2019,5,4.0,5.0,11.0,0.0,1893,PI
22,2019,6,4.0,6.0,3.0,0.0,1739,PI
22,2019,7,0.0,7.0,1.0,0.0,1736,PI
22,2019,8,0.0,9.0,4.0,0.0,1657,PI
22,2019,9,3.0,8.0,5.0,0.0,1657,PI
22,2019,10,2.0,6.0,3.0,0.0,1722,PI
22,2019,11,1.0,7.0,3.0,0.0,1695,PI
22,2019,12,2.0,7.0,6.0,0.0,1642,PI
22,2020,1,1.0,9.0,3.0,0.0,1647,PI
22,2020,2,2.0,4.0,4.0,0.0,1638,PI
22,2020,3,2.0,7.0,2.0,5.0,1943,PI
22,2020,4,3.0,6.0,3.0,26.0,1709,PI
22,2020,5,6.0,6.0,2.0,158.0,1877,PI
22,2020,6,1.0,2.0,7.0,524.0,2362,PI
22,2020,7,3.0,2.0,4.0,656.0,2415,PI
22,2020,8,8.0,7.0,5.0,475.0,2166,PI
22,2020,9,5.0,9.0,7.0,272.0,1965,PI
22,2020,10,2.0,5.0,8.0,262.0,2134,PI
22,2020,11,1.0,3.0,5.0,217.0,1833,PI
22,2020,12,1.0,7.0,4.0,212.0,1957,PI
22,2021,1,3.0,7.0,6.0,220.0,1937,PI
22,2021,2,4.0,5.0,2.0,303.0,1936,PI
22,2021,3,6.0,9.0,2.0,994.0,2960,PI
22,2021,4,1.0,8.0,6.0,1112.0,3006,PI
22,2021,5,2.0,16.0,4.0,713.0,2553,PI
22,2021,6,6.0,10.0,1.0,430.0,2224,PI
22,2021,7,8.0,12.0,5.0,234.0,2078,PI
22,2021,8,2.0,14.0,4.0,120.0,1943,PI
22,2021,9,2.0,15.0,9.0,71.0,1883,PI
22,2021,10,7.0,12.0,5.0,103.0,1948,PI
22,2021,11,3.0,15.0,4.0,111.0,1803,PI
22,2021,12,2.0,14.0,5.0,77.0,1941,PI
22,2022,1,5.0,12.0,6.0,150.0,2875,PI
22,2022,2,3.0,15.0,1.0,274.0,2123,PI
22,2022,3,3.0,12.0,9.0,43.0,1910,PI
22,2022,4,2.0,10.0,3.0,5.0,1855,PI
22,2022,5,3.0,12.0,4.0,0.0,2115,PI
22,2022,6,5.0,14.0,8.0,16.0,2000,PI
22,2022,7,4.0,14.0,5.0,110.0,2124,PI
22,2022,8,3.0,11.0,3.0,32.0,1869,PI
22,2022,9,8.0,7.0,4.0,9.0,1849,PI
22,2022,10,6.0,11.0,6.0,3.0,1972,PI
22,2022,11,6.0,13.0,4.0,18.0,1715,PI
22,2022,12,2.0,11.0,2.0,63.0,1936,PI
22,2023,1,5.0,5.0,1.0,23.0,1816,PI
22,2023,2,2.0,11.0,3.0,2.0,1649,PI
22,2023,3,4.0,14.0,5.0,4.0,1804,PI
22,2023,4,3.0,10.0,3.0,9.0,1912,PI
22,2023,5,1.0,10.0,7.0,15.0,1889,PI
22,2023,6,0.0,11.0,2.0,8.0,1873,PI
22,2023,7,4.0,12.0,2.0,0.0,2002,PI
22,2023,8,2.0,6.0,5.0,3.0,1855,PI
22,2023,9,2.0,11.0,3.0,0.0,1859,PI
22,2023,10,2.0,13.0,7.0,3.0,2133,PI
22,2023,11,4.0,9.0,4.0,2.0,1811,PI
22,2023,12,5.0,7.0,4.0,8.0,1926,PI
22,2024,1,3.0,4.0,7.0,22.0,1970,PI
22,2024,2,5.0,10.0,4.0,9.0,1717,PI
22,2024,3,4.0,7.0,7.0,4.0,2041,PI
22,2024,4,6.0,10.0,5.0,2.0,2132,PI
22,2024,5,10.0,14.0,5.0,3.0,2163,PI
22,2024,6,6.0,12.0,5.0,2.0,1924,PI
22,2024,7,1.0,6.0,3.0,2.0,1831,PI
22,2024,8,10.0,10.0,3.0,2.0,1882,PI
22,2024,9,6.0,14.0,6.0,1.0,1906,PI
22,2024,10,6.0,21.0,8.0,1.0,2083,PI
22,2024,11,2.0,14.0,5.0,0.0,1891,PI
22,2024,12,4.0,18.0,7.0,4.0,1936,PI
23,2018,1,7.0,33.0,16.0,0.0,4647,CE
23,2018,2,10.0,28.0,19.0,0.0,4268,CE
23,2018,3,7.0,42.0,15.0,0.0,5051,CE
23,2018,4,1.0,30.0,24.0,0.0,5252,CE
23,2018,5,10.0,17.0,21.0,0.0,5147,CE
23,2018,6,2.0,23.0,14.0,0.0,4738,CE
23,2018,7,8.0,20.0,28.0,0.0,4802,CE
23,2018,8,0.0,28.0,23.0,0.0,4620,CE
23,2018,9,2.0,24.0,17.0,0.0,4597,CE
23,2018,10,2.0,20.0,22.0,0.0,4735,CE
23,2018,11,7.0,26.0,17.0,0.0,4592,CE
23,2018,12,4.0,30.0,20.0,0.0,4579,CE
23,2019,1,7.0,22.0,20.0,0.0,4618,CE
23,2019,2,3.0,21.0,26.0,0.0,4226,CE
23,2019,3,7.0,29.0,20.0,0.0,5102,CE
23,2019,4,7.0,27.0,23.0,0.0,5270,CE
23,2019,5,5.0,28.0,22.0,0.0,5251,CE
23,2019,6,1.0,23.0,17.0,0.0,4636,CE
23,2019,7,4.0,20.0,21.0,0.0,4687,CE
23,2019,8,4.0,25.0,17.0,0.0,4485,CE
23,2019,9,5.0,23.0,18.0,0.0,4338,CE
23,2019,10,5.0,21.0,16.0,0.0,4552,CE
23,2019,11,5.0,20.0,17.0,0.0,4669,CE
23,2019,12,3.0,14.0,21.0,0.0,4746,CE
23,2020,1,0.0,23.0,21.0,0.0,4658,CE
23,2020,2,3.0,20.0,20.0,0.0,4858,CE
23,2020,3,7.0,30.0,20.0,47.0,5524,CE
23,2020,4,10.0,44.0,25.0,1016.0,6242,CE
23,2020,5,12.0,70.0,18.0,4588.0,10317,CE
23,2020,6,19.0,45.0,16.0,2206.0,6666,CE
23,2020,7,8.0,50.0,22.0,1307.0,5730,CE
23,2020,8,9.0,31.0,14.0,781.0,5267,CE
23,2020,9,4.0,42.0,16.0,602.0,5049,CE
23,2020,10,15.0,43.0,23.0,427.0,5150,CE
23,2020,11,14.0,37.0,19.0,349.0,4840,CE
23,2020,12,19.0,56.0,25.0,525.0,5211,CE
23,2021,1,8.0,59.0,11.0,602.0,5208,CE
23,2021,2,14.0,52.0,16.0,1162.0,5546,CE
23,2021,3,27.0,90.0,23.0,3926.0,9122,CE
23,2021,4,17.0,90.0,27.0,4420.0,9556,CE
23,2021,5,19.0,79.0,28.0,2975.0,8127,CE
23,2021,6,19.0,78.0,26.0,1538.0,6442,CE
23,2021,7,19.0,70.0,29.0,569.0,5258,CE
23,2021,8,14.0,65.0,29.0,174.0,4848,CE
23,2021,9,13.0,45.0,20.0,105.0,4615,CE
23,2021,10,10.0,40.0,27.0,98.0,4961,CE
23,2021,11,12.0,54.0,19.0,92.0,4815,CE
23,2021,12,6.0,48.0,25.0,93.0,5185,CE
23,2022,1,10.0,55.0,30.0,952.0,7183,CE
23,2022,2,14.0,51.0,19.0,628.0,5453,CE
23,2022,3,8.0,40.0,20.0,129.0,5033,CE
23,2022,4,7.0,54.0,25.0,43.0,5478,CE
23,2022,5,12.0,57.0,40.0,21.0,5701,CE
23,2022,6,5.0,40.0,21.0,62.0,5483,CE
23,2022,7,8.0,45.0,36.0,276.0,5932,CE
23,2022,8,11.0,36.0,25.0,54.0,5156,CE
23,2022,9,6.0,39.0,15.0,7.0,4736,CE
23,2022,10,8.0,46.0,20.0,5.0,4858,CE
23,2022,11,11.0,32.0,20.0,46.0,4661,CE
23,2022,12,10.0,32.0,39.0,120.0,4990,CE
23,2023,1,9.0,41.0,30.0,25.0,4841,CE
23,2023,2,14.0,43.0,20.0,9.0,4418,CE
23,2023,3,10.0,43.0,29.0,19.0,5310,CE
23,2023,4,13.0,45.0,34.0,37.0,5665,CE
23,2023,5,4.0,37.0,27.0,41.0,5515,CE
23,2023,6,7.0,40.0,27.0,13.0,4846,CE
23,2023,7,9.0,54.0,29.0,4.0,5144,CE
23,2023,8,8.0,49.0,24.0,1.0,4900,CE
23,2023,9,9.0,56.0,20.0,3.0,4758,CE
23,2023,10,9.0,42.0,27.0,2.0,5141,CE
23,2023,11,6.0,31.0,32.0,8.0,4892,CE
23,2023,12,10.0,51.0,31.0,77.0,5205,CE
23,2024,1,18.0,44.0,31.0,26.0,5223,CE
23,2024,2,11.0,41.0,22.0,6.0,4713,CE
23,2024,3,9.0,49.0,40.0,3.0,5461,CE
23,2024,4,11.0,41.0,23.0,2.0,5750,CE
23,2024,5,14.0,48.0,34.0,5.0,5806,CE
23,2024,6,11.0,43.0,29.0,12.0,5234,CE
23,2024,7,7.0,54.0,42.0,7.0,5218,CE
23,2024,8,7.0,50.0,21.0,2.0,5192,CE
23,2024,9,5.0,47.0,28.0,1.0,5205,CE
23,2024,10,14.0,46.0,24.0,2.0,5144,CE
23,2024,11,9.0,41.0,25.0,8.0,4994,CE
23,2024,12,10.0,43.0,26.0,71.0,5556,CE
24,2018,1,0.0,5.0,2.0,0.0,1733,RN
24,2018,2,1.0,5.0,0.0,0.0,1606,RN
24,2018,3,0.0,3.0,7.0,0.0,1828,RN
24,2018,4,0.0,14.0,7.0,0.0,1830,RN
24,2018,5,1.0,10.0,4.0,0.0,2028,RN
24,2018,6,2.0,6.0,4.0,0.0,1865,RN
24,2018,7,1.0,10.0,3.0,0.0,1857,RN
24,2018,8,0.0,7.0,1.0,0.0,1731,RN
24,2018,9,1.0,7.0,3.0,0.0,1731,RN
24,2018,10,1.0,2.0,7.0,0.0,1665,RN
24,2018,11,1.0,8.0,4.0,0.0,1696,RN
24,2018,12,0.0,6.0,4.0,0.0,1639,RN
24,2019,1,3.0,15.0,4.0,0.0,1792,RN
24,2019,2,0.0,8.0,0.0,0.0,1572,RN
24,2019,3,2.0,7.0,7.0,0.0,1859,RN
24,2019,4,2.0,14.0,5.0,0.0,1995,RN
24,2019,5,0.0,10.0,3.0,0.0,1997,RN
24,2019,6,0.0,3.0,3.0,0.0,1841,RN
24,2019,7,2.0,8.0,6.0,0.0,1964,RN
24,2019,8,3.0,10.0,3.0,0.0,1845,RN
24,2019,9,2.0,5.0,3.0,0.0,1704,RN
24,2019,10,0.0,8.0,4.0,0.0,1822,RN
24,2019,11,2.0,7.0,5.0,0.0,1584,RN
24,2019,12,4.0,9.0,4.0,0.0,1792,RN
24,2020,1,0.0,11.0,7.0,0.0,1791,RN
24,2020,2,0.0,4.0,3.0,0.0,1750,RN
24,2020,3,0.0,11.0,4.0,9.0,1943,RN
24,2020,4,2.0,11.0,2.0,59.0,1894,RN
24,2020,5,3.0,11.0,4.0,375.0,2218,RN
24,2020,6,3.0,10.0,6.0,1012.0,2901,RN
24,2020,7,2.0,4.0,6.0,680.0,2519,RN
24,2020,8,1.0,9.0,2.0,291.0,2079,RN
24,2020,9,3.0,12.0,6.0,124.0,1814,RN
24,2020,10,1.0,10.0,3.0,95.0,1826,RN
24,2020,11,3.0,7.0,7.0,103.0,1795,RN
24,2020,12,0.0,8.0,3.0,344.0,2144,RN
24,2021,1,5.0,15.0,7.0,329.0,2175,RN
24,2021,2,0.0,13.0,5.0,423.0,2072,RN
24,2021,3,3.0,11.0,7.0,1134.0,3015,RN
24,2021,4,2.0,7.0,11.0,1010.0,2869,RN
24,2021,5,7.0,7.0,3.0,793.0,2752,RN
24,2021,6,1.0,13.0,5.0,649.0,2448,RN
24,2021,7,4.0,10.0,10.0,246.0,2036,RN
24,2021,8,2.0,10.0,3.0,96.0,1926,RN
24,2021,9,5.0,14.0,5.0,43.0,1748,RN
24,2021,10,1.0,10.0,7.0,58.0,1769,RN
24,2021,11,3.0,6.0,7.0,115.0,1920,RN
24,2021,12,2.0,23.0,8.0,76.0,2041,RN
24,2022,1,5.0,19.0,1.0,241.0,2715,RN
24,2022,2,2.0,12.0,5.0,360.0,2224,RN
24,2022,3,2.0,20.0,4.0,46.0,1854,RN
24,2022,4,3.0,9.0,7.0,6.0,1867,RN
24,2022,5,1.0,17.0,6.0,9.0,2161,RN
24,2022,6,1.0,9.0,8.0,57.0,2000,RN
24,2022,7,0.0,11.0,8.0,111.0,2151,RN
24,2022,8,1.0,10.0,5.0,25.0,1988,RN
24,2022,9,2.0,17.0,4.0,9.0,1817,RN
24,2022,10,1.0,17.0,4.0,4.0,1763,RN
24,2022,11,3.0,15.0,5.0,23.0,1808,RN
24,2022,12,2.0,16.0,2.0,84.0,1871,RN
24,2023,1,2.0,11.0,6.0,13.0,1800,RN
24,2023,2,1.0,12.0,6.0,3.0,1651,RN
24,2023,3,4.0,9.0,14.0,7.0,1813,RN
24,2023,4,4.0,9.0,4.0,20.0,1935,RN
24,2023,5,1.0,9.0,4.0,22.0,1987,RN
24,2023,6,3.0,14.0,11.0,17.0,1882,RN
24,2023,7,4.0,14.0,4.0,1.0,1836,RN
24,2023,8,0.0,17.0,4.0,3.0,1884,RN
24,2023,9,1.0,24.0,6.0,3.0,1850,RN
24,2023,10,1.0,8.0,6.0,5.0,1924,RN
24,2023,11,3.0,12.0,9.0,6.0,1855,RN
24,2023,12,3.0,13.0,6.0,20.0,1885,RN
24,2024,1,4.0,7.0,5.0,33.0,1990,RN
24,2024,2,1.0,11.0,5.0,9.0,1800,RN
24,2024,3,3.0,17.0,5.0,0.0,2084,RN
24,2024,4,3.0,13.0,4.0,1.0,2189,RN
24,2024,5,0.0,12.0,6.0,2.0,1979,RN
24,2024,6,2.0,14.0,8.0,3.0,1944,RN
24,2024,7,4.0,16.0,11.0,3.0,2114,RN
24,2024,8,0.0,13.0,4.0,2.0,1872,RN
24,2024,9,0.0,11.0,5.0,3.0,1889,RN
24,2024,10,2.0,23.0,10.0,1.0,1948,RN
24,2024,11,2.0,11.0,10.0,1.0,1769,RN
24,2024,12,0.0,13.0,11.0,5.0,1949,RN
25,2018,1,3.0,6.0,4.0,0.0,2154,PB
25,2018,2,2.0,12.0,7.0,0.0,1991,PB
25,2018,3,2.0,9.0,3.0,0.0,2237,PB
25,2018,4,1.0,16.0,14.0,0.0,2213,PB
25,2018,5,2.0,15.0,7.0,0.0,2494,PB
25,2018,6,1.0,14.0,8.0,0.0,2397,PB
25,2018,7,0.0,11.0,12.0,0.0,2333,PB
25,2018,8,1.0,8.0,18.0,0.0,2203,PB
25,2018,9,2.0,14.0,9.0,0.0,2146,PB
25,2018,10,5.0,11.0,7.0,0.0,2265,PB
25,2018,11,1.0,10.0,12.0,0.0,2067,PB
25,2018,12,0.0,8.0,10.0,0.0,2144,PB
25,2019,1,2.0,9.0,9.0,0.0,2205,PB
25,2019,2,2.0,9.0,13.0,0.0,2013,PB
25,2019,3,2.0,13.0,6.0,0.0,2289,PB
25,2019,4,3.0,15.0,13.0,0.0,2345,PB
25,2019,5,1.0,22.0,12.0,0.0,2504,PB
25,2019,6,1.0,9.0,6.0,0.0,2336,PB
25,2019,7,4.0,10.0,20.0,0.0,2453,PB
25,2019,8,2.0,7.0,12.0,0.0,2402,PB
25,2019,9,3.0,10.0,4.0,0.0,2173,PB
25,2019,10,2.0,10.0,16.0,0.0,2185,PB
25,2019,11,3.0,14.0,9.0,0.0,2206,PB
25,2019,12,1.0,14.0,9.0,0.0,2267,PB
25,2020,1,4.0,17.0,11.0,0.0,2304,PB
25,2020,2,1.0,18.0,10.0,0.0,2116,PB
25,2020,3,1.0,14.0,16.0,9.0,2337,PB
25,2020,4,7.0,12.0,8.0,76.0,2272,PB
25,2020,5,4.0,22.0,4.0,613.0,3217,PB
25,2020,6,2.0,13.0,5.0,804.0,3045,PB
25,2020,7,1.0,20.0,17.0,537.0,2967,PB
25,2020,8,4.0,18.0,7.0,419.0,2769,PB
25,2020,9,1.0,21.0,4.0,266.0,2386,PB
25,2020,10,4.0,12.0,10.0,216.0,2524,PB
25,2020,11,2.0,19.0,15.0,206.0,2496,PB
25,2020,12,2.0,17.0,10.0,377.0,2674,PB
25,2021,1,2.0,14.0,11.0,420.0,2727,PB
25,2021,2,4.0,16.0,10.0,447.0,2559,PB
25,2021,3,6.0,18.0,6.0,1224.0,3665,PB
25,2021,4,4.0,15.0,7.0,1090.0,3433,PB
25,2021,5,1.0,13.0,6.0,872.0,3294,PB
25,2021,6,2.0,17.0,15.0,972.0,3491,PB
25,2021,7,4.0,15.0,17.0,370.0,2744,PB
25,2021,8,0.0,16.0,7.0,149.0,2549,PB
25,2021,9,5.0,19.0,12.0,144.0,2452,PB
25,2021,10,7.0,14.0,10.0,107.0,2547,PB
25,2021,11,7.0,16.0,11.0,117.0,2565,PB
25,2021,12,8.0,16.0,15.0,58.0,2652,PB
25,2022,1,2.0,21.0,15.0,216.0,3368,PB
25,2022,2,1.0,18.0,18.0,372.0,2862,PB
25,2022,3,8.0,18.0,19.0,60.0,2491,PB
25,2022,4,4.0,22.0,14.0,18.0,2564,PB
25,2022,5,4.0,20.0,7.0,14.0,2756,PB
25,2022,6,6.0,23.0,16.0,33.0,2966,PB
25,2022,7,4.0,17.0,4.0,87.0,2930,PB
25,2022,8,0.0,21.0,10.0,22.0,2589,PB
25,2022,9,5.0,16.0,14.0,3.0,2364,PB
25,2022,10,5.0,12.0,12.0,2.0,2481,PB
25,2022,11,1.0,21.0,12.0,88.0,2494,PB
25,2022,12,4.0,12.0,13.0,73.0,2540,PB
25,2023,1,5.0,17.0,9.0,10.0,2373,PB
25,2023,2,1.0,8.0,9.0,1.0,1974,PB
25,2023,3,1.0,15.0,13.0,0.0,2358,PB
25,2023,4,2.0,16.0,6.0,5.0,2466,PB
25,2023,5,5.0,19.0,11.0,17.0,2579,PB
25,2023,6,1.0,12.0,11.0,16.0,2446,PB
25,2023,7,2.0,16.0,15.0,6.0,2590,PB
25,2023,8,4.0,12.0,9.0,4.0,2491,PB
25,2023,9,3.0,9.0,7.0,3.0,2311,PB
25,2023,10,2.0,16.0,12.0,0.0,2394,PB
25,2023,11,1.0,12.0,10.0,6.0,2308,PB
25,2023,12,1.0,10.0,9.0,22.0,2483,PB
25,2024,1,2.0,18.0,10.0,33.0,2508,PB
25,2024,2,1.0,12.0,8.0,10.0,2383,PB
25,2024,3,4.0,14.0,12.0,4.0,2576,PB
25,2024,4,8.0,14.0,11.0,0.0,2694,PB
25,2024,5,2.0,12.0,14.0,1.0,2626,PB
25,2024,6,3.0,10.0,10.0,1.0,2519,PB
25,2024,7,2.0,10.0,19.0,5.0,2530,PB
25,2024,8,4.0,13.0,15.0,5.0,2440,PB
25,2024,9,2.0,23.0,19.0,4.0,2476,PB
25,2024,10,2.0,13.0,12.0,3.0,2510,PB
25,2024,11,2.0,11.0,10.0,5.0,2322,PB
25,2024,12,1.0,15.0,14.0,10.0,2569,PB
26,2018,1,4.0,14.0,28.0,0.0,5243,PE
26,2018,2,2.0,17.0,17.0,0.0,4660,PE
26,2018,3,3.0,13.0,33.0,0.0,5096,PE
26,2018,4,0.0,11.0,27.0,0.0,5341,PE
26,2018,5,3.0,18.0,28.0,0.0,5613,PE
26,2018,6,2.0,8.0,24.0,0.0,5199,PE
26,2018,7,3.0,18.0,31.0,0.0,5495,PE
26,2018,8,1.0,16.0,32.0,0.0,5102,PE
26,2018,9,1.0,22.0,26.0,0.0,5007,PE
26,2018,10,1.0,14.0,43.0,0.0,5084,PE
26,2018,11,1.0,15.0,23.0,0.0,4902,PE
26,2018,12,2.0,18.0,18.0,0.0,5269,PE
26,2019,1,1.0,14.0,16.0,0.0,5135,PE
26,2019,2,1.0,18.0,18.0,0.0,4658,PE
26,2019,3,2.0,17.0,42.0,0.0,5419,PE
26,2019,4,3.0,9.0,36.0,0.0,5381,PE
26,2019,5,2.0,13.0,24.0,0.0,5619,PE
26,2019,6,2.0,14.0,33.0,0.0,5414,PE
26,2019,7,0.0,19.0,34.0,0.0,5700,PE
26,2019,8,1.0,18.0,33.0,0.0,5599,PE
26,2019,9,2.0,19.0,27.0,0.0,5361,PE
26,2019,10,2.0,10.0,33.0,0.0,5302,PE
26,2019,11,1.0,11.0,48.0,0.0,5229,PE
26,2019,12,3.0,16.0,29.0,0.0,5478,PE
26,2020,1,1.0,15.0,32.0,1.0,5379,PE
26,2020,2,0.0,22.0,20.0,0.0,5063,PE
26,2020,3,9.0,18.0,28.0,24.0,5846,PE
26,2020,4,5.0,18.0,17.0,1188.0,6768,PE
26,2020,5,5.0,15.0,14.0,3495.0,9649,PE
26,2020,6,2.0,29.0,19.0,1798.0,6959,PE
26,2020,7,6.0,24.0,9.0,1268.0,6611,PE
26,2020,8,2.0,11.0,15.0,911.0,6106,PE
26,2020,9,6.0,25.0,18.0,523.0,5755,PE
26,2020,10,3.0,15.0,12.0,452.0,5890,PE
26,2020,11,1.0,25.0,15.0,709.0,6026,PE
26,2020,12,5.0,20.0,21.0,1059.0,6522,PE
26,2021,1,2.0,16.0,22.0,1017.0,6490,PE
26,2021,2,5.0,12.0,10.0,872.0,5755,PE
26,2021,3,5.0,25.0,16.0,2029.0,7711,PE
26,2021,4,6.0,21.0,17.0,2455.0,8190,PE
26,2021,5,8.0,28.0,17.0,2572.0,9013,PE
26,2021,6,4.0,24.0,21.0,1944.0,7781,PE
26,2021,7,2.0,34.0,19.0,738.0,6564,PE
26,2021,8,5.0,32.0,21.0,271.0,6116,PE
26,2021,9,5.0,23.0,21.0,208.0,5624,PE
26,2021,10,8.0,23.0,15.0,188.0,5666,PE
26,2021,11,5.0,22.0,14.0,159.0,5552,PE
26,2021,12,4.0,29.0,20.0,160.0,6255,PE
26,2022,1,8.0,23.0,25.0,453.0,7807,PE
26,2022,2,2.0,28.0,23.0,843.0,6351,PE
26,2022,3,4.0,22.0,16.0,183.0,5732,PE
26,2022,4,3.0,27.0,17.0,37.0,5302,PE
26,2022,5,8.0,26.0,22.0,39.0,5947,PE
26,2022,6,10.0,31.0,22.0,135.0,6269,PE
26,2022,7,13.0,41.0,28.0,231.0,6474,PE
26,2022,8,11.0,34.0,15.0,46.0,5690,PE
26,2022,9,10.0,24.0,29.0,18.0,5518,PE
26,2022,10,5.0,26.0,13.0,22.0,5587,PE
26,2022,11,6.0,25.0,34.0,122.0,5576,PE
26,2022,12,9.0,35.0,43.0,121.0,5758,PE
26,2023,1,7.0,30.0,34.0,26.0,5468,PE
26,2023,2,7.0,14.0,30.0,17.0,5086,PE
26,2023,3,8.0,29.0,51.0,22.0,5707,PE
26,2023,4,6.0,32.0,29.0,56.0,5892,PE
26,2023,5,8.0,26.0,36.0,71.0,5851,PE
26,2023,6,4.0,23.0,32.0,47.0,5747,PE
26,2023,7,2.0,27.0,33.0,21.0,6173,PE
26,2023,8,6.0,35.0,40.0,11.0,5787,PE
26,2023,9,9.0,25.0,31.0,11.0,5487,PE
26,2023,10,2.0,20.0,41.0,7.0,5774,PE
26,2023,11,6.0,20.0,35.0,32.0,5644,PE
26,2023,12,6.0,35.0,50.0,85.0,5911,PE
26,2024,1,3.0,33.0,48.0,56.0,6025,PE
26,2024,2,3.0,27.0,44.0,15.0,5332,PE
26,2024,3,3.0,32.0,42.0,8.0,6446,PE
26,2024,4,7.0,16.0,38.0,3.0,6112,PE
26,2024,5,6.0,26.0,34.0,7.0,6243,PE
26,2024,6,4.0,26.0,34.0,5.0,5793,PE
26,2024,7,7.0,33.0,33.0,7.0,6026,PE
26,2024,8,4.0,28.0,42.0,3.0,5970,PE
26,2024,9,4.0,24.0,27.0,3.0,5733,PE
26,2024,10,6.0,34.0,35.0,0.0,5842,PE
26,2024,11,1.0,22.0,31.0,5.0,5411,PE
26,2024,12,3.0,34.0,36.0,7.0,5860,PE
27,2018,1,1.0,4.0,8.0,0.0,1644,AL
27,2018,2,1.0,3.0,7.0,0.0,1431,AL
27,2018,3,0.0,8.0,5.0,0.0,1636,AL
27,2018,4,1.0,2.0,10.0,0.0,1569,AL
27,2018,5,0.0,2.0,8.0,0.0,1668,AL
27,2018,6,0.0,7.0,12.0,0.0,1642,AL
27,2018,7,2.0,4.0,7.0,0.0,1768,AL
27,2018,8,0.0,5.0,11.0,0.0,1677,AL
27,2018,9,3.0,3.0,1.0,0.0,1638,AL
27,2018,10,1.0,4.0,5.0,0.0,1577,AL
27,2018,11,1.0,5.0,10.0,0.0,1473,AL
27,2018,12,0.0,3.0,9.0,0.0,1688,AL
27,2019,1,1.0,3.0,9.0,0.0,1621,AL
27,2019,2,2.0,2.0,5.0,0.0,1504,AL
27,2019,3,0.0,5.0,11.0,0.0,1603,AL
27,2019,4,2.0,5.0,4.0,0.0,1657,AL
27,2019,5,0.0,5.0,13.0,0.0,1866,AL
27,2019,6,0.0,5.0,8.0,0.0,1734,AL
27,2019,7,2.0,6.0,5.0,0.0,1775,AL
27,2019,8,1.0,7.0,11.0,0.0,1845,AL
27,2019,9,4.0,6.0,12.0,0.0,1720,AL
27,2019,10,2.0,5.0,9.0,0.0,1707,AL
27,2019,11,0.0,4.0,6.0,0.0,1576,AL
27,2019,12,2.0,3.0,8.0,0.0,1679,AL
27,2020,1,1.0,5.0,10.0,0.0,1734,AL
27,2020,2,2.0,14.0,6.0,0.0,1706,AL
27,2020,3,2.0,4.0,6.0,5.0,1776,AL
27,2020,4,1.0,11.0,8.0,104.0,1816,AL
27,2020,5,2.0,8.0,3.0,983.0,3003,AL
27,2020,6,0.0,6.0,7.0,1057.0,2841,AL
27,2020,7,4.0,6.0,5.0,594.0,2207,AL
27,2020,8,6.0,9.0,5.0,257.0,1902,AL
27,2020,9,4.0,8.0,5.0,162.0,1732,AL
27,2020,10,2.0,8.0,7.0,100.0,1769,AL
27,2020,11,1.0,9.0,3.0,109.0,1760,AL
27,2020,12,1.0,2.0,8.0,218.0,1902,AL
27,2021,1,7.0,10.0,6.0,336.0,2038,AL
27,2021,2,0.0,7.0,2.0,368.0,1898,AL
27,2021,3,1.0,6.0,5.0,801.0,2452,AL
27,2021,4,1.0,9.0,5.0,851.0,2456,AL
27,2021,5,0.0,13.0,6.0,629.0,2397,AL
27,2021,6,3.0,12.0,4.0,594.0,2347,AL
27,2021,7,5.0,11.0,8.0,349.0,2151,AL
27,2021,8,3.0,8.0,9.0,125.0,1980,AL
27,2021,9,2.0,9.0,6.0,66.0,1770,AL
27,2021,10,3.0,6.0,4.0,55.0,1813,AL
27,2021,11,5.0,9.0,9.0,43.0,1819,AL
27,2021,12,2.0,7.0,9.0,22.0,1969,AL
27,2022,1,0.0,16.0,7.0,148.0,2476,AL
27,2022,2,2.0,11.0,7.0,298.0,2026,AL
27,2022,3,6.0,8.0,9.0,31.0,1712,AL
27,2022,4,2.0,5.0,12.0,7.0,1632,AL
27,2022,5,1.0,8.0,4.0,7.0,1788,AL
27,2022,6,0.0,16.0,14.0,21.0,1976,AL
27,2022,7,5.0,16.0,5.0,120.0,2207,AL
27,2022,8,2.0,17.0,6.0,20.0,1945,AL
27,2022,9,2.0,17.0,9.0,7.0,1831,AL
27,2022,10,7.0,13.0,6.0,0.0,1819,AL
27,2022,11,3.0,6.0,10.0,15.0,1797,AL
27,2022,12,3.0,10.0,9.0,61.0,1913,AL
27,2023,1,5.0,11.0,11.0,18.0,1837,AL
27,2023,2,8.0,7.0,8.0,1.0,1654,AL
27,2023,3,5.0,14.0,5.0,1.0,1762,AL
27,2023,4,5.0,14.0,7.0,12.0,1825,AL
27,2023,5,3.0,11.0,6.0,11.0,1874,AL
27,2023,6,4.0,5.0,12.0,11.0,1864,AL
27,2023,7,1.0,12.0,14.0,3.0,2040,AL
27,2023,8,2.0,10.0,10.0,2.0,1899,AL
27,2023,9,0.0,10.0,6.0,1.0,1724,AL
27,2023,10,3.0,7.0,18.0,0.0,1876,AL
27,2023,11,3.0,12.0,9.0,0.0,1766,AL
27,2023,12,1.0,11.0,7.0,20.0,1844,AL
27,2024,1,1.0,7.0,9.0,12.0,1948,AL
27,2024,2,3.0,12.0,8.0,5.0,1739,AL
27,2024,3,3.0,13.0,10.0,1.0,2017,AL
27,2024,4,5.0,11.0,8.0,2.0,1897,AL
27,2024,5,2.0,7.0,10.0,3.0,1951,AL
27,2024,6,2.0,9.0,7.0,1.0,1935,AL
27,2024,7,2.0,15.0,7.0,5.0,1905,AL
27,2024,8,2.0,14.0,6.0,4.0,1908,AL
27,2024,9,6.0,10.0,9.0,0.0,1865,AL
27,2024,10,5.0,13.0,15.0,1.0,1884,AL
27,2024,11,2.0,5.0,10.0,1.0,1784,AL
27,2024,12,7.0,13.0,11.0,8.0,1820,AL
28,2018,1,2.0,3.0,6.0,0.0,1091,SE
28,2018,2,2.0,5.0,2.0,0.0,953,SE
28,2018,3,1.0,4.0,1.0,0.0,1114,SE
28,2018,4,2.0,6.0,0.0,0.0,1134,SE
28,2018,5,1.0,3.0,2.0,0.0,1202,SE
28,2018,6,1.0,1.0,1.0,0.0,1154,SE
28,2018,7,0.0,5.0,1.0,0.0,1119,SE
28,2018,8,1.0,2.0,2.0,0.0,1049,SE
28,2018,9,1.0,9.0,0.0,0.0,1031,SE
28,2018,10,1.0,4.0,0.0,0.0,1061,SE
28,2018,11,0.0,3.0,2.0,0.0,1010,SE
28,2018,12,0.0,5.0,5.0,0.0,1106,SE
28,2019,1,1.0,6.0,1.0,0.0,1077,SE
28,2019,2,1.0,4.0,1.0,0.0,1048,SE
28,2019,3,0.0,4.0,1.0,0.0,1152,SE
28,2019,4,2.0,4.0,1.0,0.0,1100,SE
28,2019,5,0.0,1.0,1.0,0.0,1190,SE
28,2019,6,2.0,8.0,3.0,0.0,1216,SE
28,2019,7,1.0,4.0,2.0,0.0,1194,SE
28,2019,8,2.0,8.0,2.0,0.0,1168,SE
28,2019,9,1.0,4.0,0.0,0.0,1069,SE
28,2019,10,0.0,8.0,4.0,0.0,1116,SE
28,2019,11,3.0,7.0,0.0,0.0,1008,SE
28,2019,12,0.0,3.0,1.0,0.0,1135,SE
28,2020,1,2.0,4.0,2.0,0.0,1161,SE
28,2020,2,2.0,7.0,2.0,0.0,1090,SE
28,2020,3,4.0,5.0,2.0,0.0,1270,SE
28,2020,4,0.0,3.0,3.0,15.0,1158,SE
28,2020,5,0.0,8.0,1.0,172.0,1295,SE
28,2020,6,1.0,3.0,4.0,523.0,1673,SE
28,2020,7,0.0,3.0,1.0,705.0,1902,SE
28,2020,8,0.0,2.0,3.0,326.0,1432,SE
28,2020,9,0.0,4.0,1.0,152.0,1207,SE
28,2020,10,2.0,5.0,2.0,142.0,1221,SE
28,2020,11,0.0,2.0,1.0,90.0,1169,SE
28,2020,12,0.0,7.0,2.0,217.0,1215,SE
28,2021,1,2.0,5.0,2.0,205.0,1223,SE
28,2021,2,0.0,4.0,1.0,187.0,1119,SE
28,2021,3,0.0,2.0,0.0,598.0,1660,SE
28,2021,4,0.0,3.0,1.0,865.0,1818,SE
28,2021,5,0.0,4.0,4.0,752.0,1890,SE
28,2021,6,1.0,4.0,4.0,577.0,1762,SE
28,2021,7,2.0,6.0,0.0,204.0,1412,SE
28,2021,8,1.0,0.0,5.0,65.0,1156,SE
28,2021,9,0.0,7.0,4.0,26.0,1085,SE
28,2021,10,1.0,9.0,6.0,25.0,1146,SE
28,2021,11,2.0,2.0,2.0,23.0,1090,SE
28,2021,12,1.0,8.0,2.0,16.0,1314,SE
28,2022,1,0.0,12.0,4.0,83.0,1658,SE
28,2022,2,0.0,7.0,3.0,180.0,1328,SE
28,2022,3,1.0,6.0,5.0,39.0,1125,SE
28,2022,4,1.0,1.0,6.0,5.0,1117,SE
28,2022,5,1.0,5.0,3.0,3.0,1163,SE
28,2022,6,1.0,3.0,2.0,12.0,1150,SE
28,2022,7,2.0,7.0,2.0,53.0,1342,SE
28,2022,8,0.0,6.0,6.0,12.0,1219,SE
28,2022,9,1.0,5.0,6.0,6.0,1182,SE
28,2022,10,1.0,7.0,0.0,2.0,1181,SE
28,2022,11,0.0,5.0,2.0,12.0,1077,SE
28,2022,12,0.0,4.0,3.0,32.0,1249,SE
28,2023,1,1.0,5.0,2.0,5.0,1085,SE
28,2023,2,2.0,9.0,3.0,1.0,1020,SE
28,2023,3,0.0,6.0,9.0,1.0,1142,SE
28,2023,4,0.0,8.0,5.0,2.0,1235,SE
28,2023,5,0.0,6.0,7.0,9.0,1254,SE
28,2023,6,1.0,5.0,10.0,13.0,1289,SE
28,2023,7,0.0,6.0,6.0,6.0,1222,SE
28,2023,8,1.0,7.0,2.0,1.0,1263,SE
28,2023,9,0.0,8.0,4.0,0.0,1093,SE
28,2023,10,0.0,7.0,6.0,1.0,1180,SE
28,2023,11,2.0,6.0,5.0,1.0,1144,SE
28,2023,12,0.0,4.0,3.0,5.0,1160,SE
28,2024,1,2.0,5.0,4.0,14.0,1267,SE
28,2024,2,0.0,7.0,4.0,5.0,1120,SE
28,2024,3,1.0,10.0,5.0,4.0,1249,SE
28,2024,4,0.0,10.0,4.0,1.0,1193,SE
28,2024,5,2.0,13.0,2.0,0.0,1277,SE
28,2024,6,1.0,8.0,3.0,2.0,1231,SE
28,2024,7,0.0,12.0,4.0,5.0,1226,SE
28,2024,8,1.0,6.0,3.0,2.0,1227,SE
28,2024,9,2.0,16.0,5.0,1.0,1133,SE
28,2024,10,2.0,12.0,3.0,1.0,1217,SE
28,2024,11,1.0,14.0,0.0,1.0,1130,SE
28,2024,12,1.0,11.0,5.0,4.0,1183,SE
29,2018,1,8.0,30.0,26.0,0.0,7824,BA
29,2018,2,6.0,31.0,31.0,0.0,6674,BA
29,2018,3,9.0,30.0,29.0,0.0,7565,BA
29,2018,4,9.0,42.0,26.0,0.0,7479,BA
29,2018,5,3.0,41.0,16.0,0.0,7714,BA
29,2018,6,6.0,42.0,24.0,0.0,7886,BA
29,2018,7,6.0,53.0,30.0,0.0,8102,BA
29,2018,8,6.0,50.0,30.0,0.0,7585,BA
29,2018,9,6.0,44.0,28.0,0.0,7419,BA
29,2018,10,8.0,40.0,37.0,0.0,7498,BA
29,2018,11,8.0,30.0,22.0,0.0,6857,BA
29,2018,12,6.0,42.0,20.0,0.0,7531,BA
29,2019,1,3.0,57.0,38.0,0.0,7689,BA
29,2019,2,9.0,37.0,19.0,0.0,7295,BA
29,2019,3,7.0,44.0,29.0,0.0,7582,BA
29,2019,4,11.0,36.0,29.0,0.0,7476,BA
29,2019,5,8.0,44.0,20.0,0.0,8019,BA
29,2019,6,6.0,36.0,25.0,0.0,8065,BA
29,2019,7,5.0,47.0,32.0,0.0,8503,BA
29,2019,8,8.0,42.0,32.0,0.0,8104,BA
29,2019,9,8.0,46.0,25.0,0.0,7624,BA
29,2019,10,8.0,47.0,33.0,0.0,7796,BA
29,2019,11,8.0,45.0,32.0,0.0,7505,BA
29,2019,12,6.0,38.0,29.0,0.0,7707,BA
29,2020,1,9.0,33.0,22.0,0.0,7843,BA
29,2020,2,7.0,44.0,29.0,0.0,7295,BA
29,2020,3,11.0,43.0,38.0,9.0,8188,BA
29,2020,4,3.0,35.0,22.0,222.0,7999,BA
29,2020,5,12.0,47.0,21.0,1147.0,9468,BA
29,2020,6,10.0,35.0,23.0,1973.0,10250,BA
29,2020,7,7.0,43.0,24.0,2221.0,10464,BA
29,2020,8,7.0,41.0,31.0,1588.0,9970,BA
29,2020,9,10.0,42.0,23.0,935.0,8691,BA
29,2020,10,10.0,36.0,23.0,767.0,8955,BA
29,2020,11,7.0,36.0,28.0,707.0,8549,BA
29,2020,12,9.0,47.0,23.0,1363.0,9522,BA
29,2021,1,8.0,34.0,26.0,1530.0,9653,BA
29,2021,2,10.0,40.0,32.0,1619.0,8883,BA
29,2021,3,7.0,38.0,35.0,3447.0,11406,BA
29,2021,4,11.0,36.0,34.0,2826.0,10481,BA
29,2021,5,10.0,46.0,29.0,2693.0,11003,BA
29,2021,6,9.0,48.0,35.0,2422.0,10454,BA
29,2021,7,9.0,40.0,40.0,1310.0,10135,BA
29,2021,8,8.0,59.0,36.0,540.0,9091,BA
29,2021,9,7.0,57.0,25.0,189.0,8032,BA
29,2021,10,5.0,46.0,36.0,186.0,8419,BA
29,2021,11,11.0,61.0,29.0,214.0,7956,BA
29,2021,12,12.0,50.0,34.0,232.0,9879,BA
29,2022,1,10.0,89.0,45.0,773.0,12766,BA
29,2022,2,11.0,45.0,31.0,1195.0,9764,BA
29,2022,3,13.0,53.0,32.0,208.0,8457,BA
29,2022,4,7.0,48.0,34.0,39.0,8083,BA
29,2022,5,10.0,53.0,31.0,25.0,8515,BA
29,2022,6,8.0,56.0,38.0,70.0,8710,BA
29,2022,7,7.0,56.0,40.0,434.0,9636,BA
29,2022,8,6.0,51.0,34.0,113.0,8577,BA
29,2022,9,6.0,47.0,29.0,21.0,8187,BA
29,2022,10,11.0,52.0,30.0,13.0,8103,BA
29,2022,11,10.0,42.0,30.0,132.0,7992,BA
29,2022,12,10.0,58.0,32.0,383.0,8851,BA
29,2023,1,9.0,49.0,38.0,81.0,8284,BA
29,2023,2,5.0,48.0,25.0,19.0,7687,BA
29,2023,3,13.0,32.0,39.0,25.0,8296,BA
29,2023,4,8.0,58.0,33.0,28.0,8499,BA
29,2023,5,7.0,54.0,36.0,44.0,8937,BA
29,2023,6,9.0,55.0,35.0,32.0,9001,BA
29,2023,7,10.0,52.0,34.0,18.0,9244,BA
29,2023,8,3.0,56.0,35.0,8.0,8999,BA
29,2023,9,7.0,51.0,38.0,3.0,8220,BA
29,2023,10,7.0,50.0,38.0,20.0,8603,BA
29,2023,11,12.0,54.0,38.0,75.0,8561,BA
29,2023,12,11.0,64.0,38.0,69.0,8750,BA
29,2024,1,6.0,60.0,48.0,43.0,8912,BA
29,2024,2,7.0,57.0,37.0,32.0,8079,BA
29,2024,3,7.0,59.0,31.0,24.0,9740,BA
29,2024,4,3.0,54.0,36.0,5.0,9258,BA
29,2024,5,7.0,54.0,35.0,1.0,9271,BA
29,2024,6,7.0,68.0,36.0,2.0,8899,BA
29,2024,7,11.0,55.0,31.0,4.0,9106,BA
29,2024,8,4.0,62.0,34.0,11.0,8837,BA
29,2024,9,15.0,60.0,31.0,11.0,8470,BA
29,2024,10,11.0,56.0,34.0,14.0,8899,BA
29,2024,11,4.0,52.0,36.0,13.0,7980,BA
29,2024,12,15.0,67.0,31.0,11.0,8761,BA
31,2018,1,12.0,77.0,61.0,0.0,11080,MG
31,2018,2,14.0,74.0,54.0,0.0,9794,MG
31,2018,3,10.0,104.0,57.0,0.0,11045,MG
31,2018,4,19.0,83.0,71.0,0.0,10859,MG
31,2018,5,7.0,107.0,59.0,0.0,11867,MG
31,2018,6,17.0,90.0,65.0,0.0,11917,MG
31,2018,7,10.0,113.0,62.0,0.0,12581,MG
31,2018,8,15.0,112.0,55.0,0.0,12042,MG
31,2018,9,12.0,110.0,46.0,0.0,11347,MG
31,2018,10,12.0,102.0,61.0,0.0,11097,MG
31,2018,11,18.0,99.0,51.0,0.0,10471,MG
31,2018,12,13.0,90.0,52.0,0.0,11519,MG
31,2019,1,9.0,103.0,46.0,0.0,11575,MG
31,2019,2,16.0,74.0,39.0,0.0,9920,MG
31,2019,3,14.0,101.0,48.0,0.0,11166,MG
31,2019,4,15.0,101.0,60.0,0.0,11360,MG
31,2019,5,17.0,124.0,65.0,0.0,12282,MG
31,2019,6,19.0,110.0,55.0,0.0,12643,MG
31,2019,7,21.0,117.0,69.0,0.0,13794,MG
31,2019,8,21.0,111.0,70.0,0.0,12728,MG
31,2019,9,14.0,125.0,66.0,0.0,11658,MG
31,2019,10,12.0,111.0,57.0,0.0,11554,MG
31,2019,11,20.0,88.0,57.0,0.0,10792,MG
31,2019,12,16.0,101.0,59.0,0.0,11550,MG
31,2020,1,20.0,105.0,55.0,0.0,11607,MG
31,2020,2,16.0,101.0,41.0,0.0,10729,MG
31,2020,3,22.0,105.0,56.0,14.0,12142,MG
31,2020,4,15.0,93.0,36.0,123.0,10506,MG
31,2020,5,16.0,102.0,49.0,312.0,11681,MG
31,2020,6,24.0,105.0,39.0,1033.0,12628,MG
31,2020,7,19.0,92.0,46.0,2365.0,14144,MG
31,2020,8,14.0,101.0,50.0,2327.0,14625,MG
31,2020,9,15.0,97.0,47.0,1930.0,13283,MG
31,2020,10,16.0,111.0,55.0,1520.0,14044,MG
31,2020,11,22.0,117.0,57.0,1215.0,12350,MG
31,2020,12,21.0,100.0,56.0,2606.0,14389,MG
31,2021,1,10.0,109.0,57.0,3728.0,15865,MG
31,2021,2,22.0,89.0,43.0,3361.0,13795,MG
31,2021,3,24.0,121.0,54.0,8739.0,21042,MG
31,2021,4,14.0,108.0,54.0,9366.0,20865,MG
31,2021,5,21.0,132.0,69.0,6290.0,18512,MG
31,2021,6,21.0,124.0,53.0,5186.0,17423,MG
31,2021,7,24.0,152.0,69.0,3283.0,17035,MG
31,2021,8,17.0,146.0,70.0,1963.0,14792,MG
31,2021,9,17.0,124.0,78.0,1133.0,12883,MG
31,2021,10,22.0,121.0,52.0,829.0,12710,MG
31,2021,11,13.0,132.0,47.0,412.0,12259,MG
31,2021,12,17.0,106.0,45.0,211.0,12904,MG
31,2022,1,24.0,147.0,66.0,1441.0,17460,MG
31,2022,2,25.0,134.0,82.0,2294.0,14397,MG
31,2022,3,17.0,117.0,61.0,702.0,13010,MG
31,2022,4,19.0,109.0,46.0,108.0,11986,MG
31,2022,5,18.0,146.0,69.0,141.0,13635,MG
31,2022,6,27.0,143.0,54.0,638.0,14474,MG
31,2022,7,21.0,134.0,67.0,814.0,14853,MG
31,2022,8,13.0,111.0,53.0,278.0,13256,MG
31,2022,9,19.0,115.0,52.0,89.0,12408,MG
31,2022,10,15.0,110.0,56.0,40.0,12402,MG
31,2022,11,15.0,93.0,39.0,112.0,11805,MG
31,2022,12,16.0,121.0,48.0,612.0,12929,MG
31,2023,1,21.0,100.0,48.0,326.0,12598,MG
31,2023,2,14.0,94.0,56.0,82.0,11153,MG
31,2023,3,12.0,124.0,52.0,68.0,12909,MG
31,2023,4,15.0,94.0,55.0,51.0,12796,MG
31,2023,5,13.0,129.0,79.0,56.0,14074,MG
31,2023,6,22.0,133.0,56.0,56.0,13999,MG
31,2023,7,14.0,123.0,72.0,43.0,14702,MG
31,2023,8,17.0,145.0,73.0,37.0,13248,MG
31,2023,9,13.0,108.0,46.0,73.0,12683,MG
31,2023,10,11.0,89.0,43.0,123.0,12837,MG
31,2023,11,24.0,126.0,62.0,154.0,14050,MG
31,2023,12,6.0,93.0,54.0,70.0,12554,MG
31,2024,1,14.0,91.0,62.0,41.0,12632,MG
31,2024,2,14.0,97.0,68.0,142.0,12767,MG
31,2024,3,18.0,127.0,74.0,160.0,15217,MG
31,2024,4,17.0,150.0,56.0,46.0,14521,MG
31,2024,5,17.0,111.0,66.0,25.0,14333,MG
31,2024,6,19.0,105.0,70.0,9.0,14065,MG
31,2024,7,13.0,129.0,72.0,13.0,14767,MG
31,2024,8,21.0,138.0,76.0,27.0,14023,MG
31,2024,9,24.0,111.0,62.0,50.0,13160,MG
31,2024,10,14.0,109.0,55.0,39.0,13005,MG
31,2024,11,17.0,115.0,50.0,49.0,12259,MG
31,2024,12,19.0,135.0,49.0,80.0,12919,MG
32,2018,1,0.0,10.0,4.0,0.0,1925,ES
32,2018,2,1.0,3.0,5.0,0.0,1694,ES
32,2018,3,1.0,10.0,5.0,0.0,1956,ES
32,2018,4,4.0,9.0,8.0,0.0,1885,ES
32,2018,5,1.0,15.0,5.0,0.0,2133,ES
32,2018,6,4.0,8.0,4.0,0.0,2147,ES
32,2018,7,0.0,15.0,8.0,0.0,2148,ES
32,2018,8,0.0,8.0,4.0,0.0,1921,ES
32,2018,9,0.0,10.0,5.0,0.0,1948,ES
32,2018,10,1.0,10.0,8.0,0.0,1893,ES
32,2018,11,2.0,17.0,3.0,0.0,1867,ES
32,2018,12,1.0,10.0,7.0,0.0,1983,ES
32,2019,1,3.0,11.0,4.0,0.0,2066,ES
32,2019,2,1.0,7.0,6.0,0.0,1770,ES
32,2019,3,2.0,13.0,3.0,0.0,2052,ES
32,2019,4,0.0,18.0,3.0,0.0,1936,ES
32,2019,5,2.0,17.0,3.0,0.0,2137,ES
32,2019,6,1.0,20.0,6.0,0.0,2106,ES
32,2019,7,1.0,20.0,4.0,0.0,2209,ES
32,2019,8,1.0,15.0,8.0,0.0,2166,ES
32,2019,9,0.0,14.0,5.0,0.0,2042,ES
32,2019,10,4.0,15.0,7.0,0.0,1977,ES
32,2019,11,1.0,21.0,7.0,0.0,1900,ES
32,2019,12,0.0,13.0,11.0,0.0,2070,ES
32,2020,1,0.0,11.0,8.0,0.0,2042,ES
32,2020,2,4.0,8.0,7.0,0.0,1888,ES
32,2020,3,0.0,8.0,9.0,1.0,2136,ES
32,2020,4,3.0,10.0,2.0,113.0,2059,ES
32,2020,5,2.0,13.0,1.0,579.0,2710,ES
32,2020,6,1.0,8.0,1.0,975.0,3003,ES
32,2020,7,1.0,14.0,4.0,838.0,2947,ES
32,2020,8,1.0,11.0,6.0,540.0,2552,ES
32,2020,9,2.0,8.0,0.0,329.0,2265,ES
32,2020,10,1.0,10.0,1.0,278.0,2221,ES
32,2020,11,3.0,15.0,3.0,450.0,2457,ES
32,2020,12,0.0,14.0,2.0,737.0,2831,ES
32,2021,1,0.0,21.0,4.0,701.0,2865,ES
32,2021,2,1.0,19.0,5.0,411.0,2311,ES
32,2021,3,3.0,18.0,3.0,1046.0,3374,ES
32,2021,4,3.0,15.0,6.0,1736.0,4100,ES
32,2021,5,0.0,12.0,5.0,906.0,3202,ES
32,2021,6,3.0,15.0,4.0,425.0,2589,ES
32,2021,7,2.0,12.0,1.0,246.0,2542,ES
32,2021,8,0.0,21.0,9.0,158.0,2394,ES
32,2021,9,0.0,16.0,12.0,188.0,2205,ES
32,2021,10,1.0,15.0,7.0,249.0,2402,ES
32,2021,11,3.0,14.0,7.0,141.0,2265,ES
32,2021,12,4.0,9.0,8.0,85.0,2552,ES
32,2022,1,2.0,18.0,6.0,241.0,3006,ES
32,2022,2,0.0,11.0,4.0,482.0,2527,ES
32,2022,3,1.0,13.0,8.0,91.0,2219,ES
32,2022,4,1.0,12.0,8.0,14.0,2082,ES
32,2022,5,1.0,10.0,7.0,12.0,2151,ES
32,2022,6,0.0,23.0,6.0,78.0,2320,ES
32,2022,7,1.0,17.0,15.0,156.0,2537,ES
32,2022,8,2.0,15.0,12.0,50.0,2288,ES
32,2022,9,0.0,11.0,5.0,10.0,2186,ES
32,2022,10,1.0,8.0,8.0,1.0,2129,ES
32,2022,11,2.0,10.0,7.0,27.0,2140,ES
32,2022,12,1.0,15.0,12.0,110.0,2407,ES
32,2023,1,1.0,7.0,4.0,28.0,2344,ES
32,2023,2,0.0,10.0,6.0,9.0,2068,ES
32,2023,3,1.0,15.0,7.0,15.0,2340,ES
32,2023,4,1.0,15.0,6.0,14.0,2275,ES
32,2023,5,2.0,13.0,5.0,16.0,2438,ES
32,2023,6,0.0,12.0,3.0,9.0,2355,ES
32,2023,7,1.0,10.0,5.0,5.0,2350,ES
32,2023,8,0.0,26.0,6.0,1.0,2251,ES
32,2023,9,0.0,10.0,6.0,5.0,2179,ES
32,2023,10,1.0,14.0,4.0,9.0,2274,ES
32,2023,11,2.0,14.0,6.0,24.0,2213,ES
32,2023,12,1.0,17.0,12.0,9.0,2228,ES
32,2024,1,2.0,16.0,2.0,7.0,2239,ES
32,2024,2,1.0,8.0,0.0,17.0,2112,ES
32,2024,3,1.0,11.0,3.0,31.0,2523,ES
32,2024,4,0.0,10.0,1.0,7.0,2400,ES
32,2024,5,0.0,16.0,2.0,1.0,2492,ES
32,2024,6,1.0,11.0,3.0,1.0,2332,ES
32,2024,7,1.0,13.0,3.0,0.0,2367,ES
32,2024,8,1.0,9.0,0.0,1.0,2371,ES
32,2024,9,0.0,8.0,1.0,2.0,2263,ES
32,2024,10,0.0,14.0,1.0,5.0,2369,ES
32,2024,11,0.0,16.0,0.0,13.0,2333,ES
32,2024,12,0.0,11.0,0.0,8.0,2341,ES
33,2018,1,8.0,76.0,48.0,0.0,11764,RJ
33,2018,2,10.0,68.0,38.0,0.0,10381,RJ
33,2018,3,17.0,82.0,38.0,0.0,12223,RJ
33,2018,4,7.0,82.0,41.0,0.0,11436,RJ
33,2018,5,7.0,77.0,41.0,0.0,12269,RJ
33,2018,6,7.0,82.0,46.0,0.0,12164,RJ
33,2018,7,17.0,74.0,42.0,0.0,12319,RJ
33,2018,8,10.0,79.0,54.0,0.0,12270,RJ
33,2018,9,7.0,89.0,42.0,0.0,11440,RJ
33,2018,10,16.0,68.0,40.0,0.0,11343,RJ
33,2018,11,9.0,66.0,34.0,0.0,10992,RJ
33,2018,12,11.0,66.0,50.0,0.0,12105,RJ
33,2019,1,11.0,65.0,58.0,0.0,12346,RJ
33,2019,2,13.0,57.0,36.0,0.0,10547,RJ
33,2019,3,12.0,88.0,53.0,0.0,11377,RJ
33,2019,4,13.0,91.0,35.0,0.0,12112,RJ
33,2019,5,14.0,108.0,52.0,0.0,13313,RJ
33,2019,6,11.0,89.0,60.0,0.0,12777,RJ
33,2019,7,17.0,86.0,45.0,0.0,12924,RJ
33,2019,8,10.0,112.0,50.0,0.0,12570,RJ
33,2019,9,16.0,81.0,58.0,0.0,11691,RJ
33,2019,10,9.0,86.0,40.0,0.0,11828,RJ
33,2019,11,6.0,78.0,44.0,0.0,11149,RJ
33,2019,12,7.0,84.0,47.0,0.0,11966,RJ
33,2020,1,13.0,84.0,44.0,0.0,11874,RJ
33,2020,2,10.0,74.0,48.0,0.0,11019,RJ
33,2020,3,18.0,85.0,41.0,110.0,12288,RJ
33,2020,4,15.0,66.0,44.0,3489.0,16227,RJ
33,2020,5,8.0,63.0,40.0,7697.0,20626,RJ
33,2020,6,13.0,71.0,39.0,3628.0,14256,RJ
33,2020,7,8.0,78.0,42.0,2391.0,13450,RJ
33,2020,8,14.0,82.0,44.0,2179.0,13855,RJ
33,2020,9,15.0,90.0,44.0,2113.0,12983,RJ
33,2020,10,16.0,67.0,40.0,1954.0,12985,RJ
33,2020,11,11.0,90.0,47.0,2694.0,14410,RJ
33,2020,12,14.0,79.0,53.0,5672.0,18212,RJ
33,2021,1,13.0,84.0,47.0,4447.0,17091,RJ
33,2021,2,8.0,69.0,52.0,2332.0,13326,RJ
33,2021,3,13.0,72.0,60.0,5429.0,17678,RJ
33,2021,4,19.0,75.0,57.0,8310.0,20048,RJ
33,2021,5,15.0,97.0,46.0,6111.0,18459,RJ
33,2021,6,10.0,83.0,44.0,3765.0,15445,RJ
33,2021,7,13.0,96.0,51.0,2653.0,15602,RJ
33,2021,8,10.0,82.0,49.0,3600.0,16824,RJ
33,2021,9,11.0,94.0,51.0,2908.0,14323,RJ
33,2021,10,9.0,89.0,52.0,1154.0,12868,RJ
33,2021,11,18.0,94.0,44.0,319.0,12092,RJ
33,2021,12,11.0,125.0,48.0,154.0,15476,RJ
33,2022,1,20.0,110.0,58.0,1733.0,15715,RJ
33,2022,2,12.0,94.0,45.0,1647.0,12852,RJ
33,2022,3,17.0,76.0,44.0,226.0,12203,RJ
33,2022,4,12.0,80.0,47.0,42.0,11203,RJ
33,2022,5,14.0,106.0,65.0,56.0,12325,RJ
33,2022,6,23.0,138.0,45.0,532.0,13269,RJ
33,2022,7,21.0,128.0,55.0,520.0,13454,RJ
33,2022,8,28.0,140.0,49.0,123.0,12287,RJ
33,2022,9,22.0,103.0,47.0,23.0,11848,RJ
33,2022,10,25.0,118.0,39.0,16.0,12116,RJ
33,2022,11,22.0,134.0,37.0,277.0,11855,RJ
33,2022,12,20.0,124.0,54.0,258.0,11679,RJ
33,2023,1,24.0,127.0,34.0,71.0,11602,RJ
33,2023,2,18.0,115.0,48.0,59.0,10696,RJ
33,2023,3,22.0,160.0,37.0,133.0,12305,RJ
33,2023,4,35.0,138.0,38.0,90.0,11918,RJ
33,2023,5,31.0,150.0,42.0,46.0,12885,RJ
33,2023,6,22.0,171.0,39.0,29.0,12500,RJ
33,2023,7,30.0,153.0,48.0,21.0,12861,RJ
33,2023,8,24.0,128.0,51.0,6.0,12233,RJ
33,2023,9,27.0,130.0,52.0,65.0,11729,RJ
33,2023,10,28.0,142.0,40.0,111.0,11945,RJ
33,2023,11,36.0,140.0,46.0,92.0,12421,RJ
33,2023,12,29.0,157.0,53.0,26.0,12053,RJ
33,2024,1,38.0,194.0,56.0,36.0,12120,RJ
33,2024,2,37.0,154.0,50.0,93.0,11777,RJ
33,2024,3,43.0,152.0,57.0,98.0,12820,RJ
33,2024,4,32.0,156.0,37.0,11.0,12231,RJ
33,2024,5,33.0,152.0,50.0,1.0,12407,RJ
33,2024,6,27.0,159.0,50.0,1.0,12492,RJ
33,2024,7,34.0,185.0,57.0,3.0,12812,RJ
33,2024,8,32.0,208.0,53.0,5.0,12984,RJ
33,2024,9,31.0,177.0,37.0,23.0,12037,RJ
33,2024,10,37.0,162.0,47.0,22.0,12009,RJ
33,2024,11,40.0,208.0,52.0,46.0,12009,RJ
33,2024,12,53.0,202.0,50.0,58.0,12458,RJ
35,2018,1,15.0,173.0,221.0,0.0,23769,SP
35,2018,2,13.0,137.0,203.0,0.0,20777,SP
35,2018,3,21.0,175.0,257.0,0.0,24303,SP
35,2018,4,19.0,170.0,219.0,0.0,23546,SP
35,2018,5,18.0,163.0,266.0,0.0,25853,SP
35,2018,6,26.0,205.0,265.0,0.0,27510,SP
35,2018,7,20.0,193.0,248.0,0.0,27583,SP
35,2018,8,14.0,206.0,291.0,0.0,26570,SP
35,2018,9,18.0,169.0,261.0,0.0,24534,SP
35,2018,10,22.0,179.0,227.0,0.0,24147,SP
35,2018,11,22.0,167.0,205.0,0.0,23898,SP
35,2018,12,12.0,204.0,251.0,0.0,25823,SP
35,2019,1,19.0,183.0,226.0,0.0,24982,SP
35,2019,2,16.0,174.0,226.0,0.0,21899,SP
35,2019,3,14.0,180.0,253.0,0.0,24594,SP
35,2019,4,19.0,175.0,256.0,0.0,24366,SP
35,2019,5,27.0,189.0,275.0,0.0,26749,SP
35,2019,6,29.0,194.0,303.0,0.0,28442,SP
35,2019,7,21.0,232.0,329.0,0.0,29189,SP
35,2019,8,19.0,199.0,232.0,0.0,26933,SP
35,2019,9,24.0,192.0,265.0,0.0,25498,SP
35,2019,10,24.0,196.0,236.0,0.0,25151,SP
35,2019,11,21.0,149.0,233.0,0.0,23452,SP
35,2019,12,15.0,171.0,215.0,0.0,24935,SP
35,2020,1,19.0,175.0,280.0,0.0,24878,SP
35,2020,2,17.0,153.0,220.0,0.0,23071,SP
35,2020,3,24.0,199.0,221.0,395.0,26743,SP
35,2020,4,36.0,188.0,99.0,2947.0,27215,SP
35,2020,5,34.0,222.0,107.0,6265.0,32432,SP
35,2020,6,34.0,237.0,109.0,7574.0,32520,SP
35,2020,7,37.0,275.0,146.0,7863.0,33554,SP
35,2020,8,42.0,280.0,132.0,6567.0,32785,SP
35,2020,9,50.0,248.0,149.0,4623.0,29296,SP
35,2020,10,34.0,285.0,152.0,3178.0,29865,SP
35,2020,11,39.0,193.0,138.0,2921.0,27022,SP
35,2020,12,32.0,221.0,166.0,5187.0,30254,SP
35,2021,1,31.0,243.0,143.0,7678.0,33491,SP
35,2021,2,31.0,200.0,148.0,7357.0,30300,SP
35,2021,3,39.0,236.0,182.0,22493.0,50253,SP
35,2021,4,42.0,219.0,176.0,22114.0,47041,SP
35,2021,5,38.0,292.0,219.0,15909.0,43900,SP
35,2021,6,38.0,303.0,226.0,16022.0,43568,SP
35,2021,7,38.0,338.0,267.0,8909.0,38782,SP
35,2021,8,32.0,306.0,208.0,4334.0,33384,SP
35,2021,9,25.0,250.0,214.0,2446.0,27862,SP
35,2021,10,33.0,250.0,249.0,1672.0,27552,SP
35,2021,11,30.0,243.0,252.0,912.0,26654,SP
35,2021,12,37.0,239.0,312.0,555.0,28829,SP
35,2022,1,52.0,340.0,357.0,5005.0,38230,SP
35,2022,2,44.0,264.0,285.0,5452.0,30369,SP
35,2022,3,29.0,246.0,248.0,1365.0,27723,SP
35,2022,4,32.0,244.0,268.0,257.0,26111,SP
35,2022,5,35.0,274.0,344.0,459.0,30193,SP
35,2022,6,28.0,263.0,355.0,1737.0,31466,SP
35,2022,7,27.0,289.0,323.0,1739.0,30932,SP
35,2022,8,35.0,275.0,300.0,583.0,29132,SP
35,2022,9,27.0,245.0,297.0,182.0,27679,SP
35,2022,10,33.0,218.0,293.0,92.0,28223,SP
35,2022,11,21.0,191.0,295.0,599.0,26503,SP
35,2022,12,30.0,229.0,315.0,1005.0,27495,SP
35,2023,1,26.0,223.0,296.0,631.0,26556,SP
35,2023,2,18.0,204.0,269.0,332.0,23347,SP
35,2023,3,32.0,244.0,294.0,509.0,27446,SP
35,2023,4,30.0,225.0,297.0,297.0,26995,SP
35,2023,5,34.0,246.0,367.0,140.0,29585,SP
35,2023,6,41.0,281.0,389.0,104.0,30771,SP
35,2023,7,21.0,259.0,414.0,70.0,30537,SP
35,2023,8,25.0,261.0,326.0,100.0,28046,SP
35,2023,9,20.0,245.0,271.0,170.0,27557,SP
35,2023,10,25.0,227.0,339.0,334.0,26925,SP
35,2023,11,29.0,262.0,349.0,353.0,28946,SP
35,2023,12,26.0,216.0,361.0,122.0,27592,SP
35,2024,1,19.0,229.0,342.0,90.0,26321,SP
35,2024,2,21.0,206.0,314.0,321.0,25681,SP
35,2024,3,20.0,255.0,381.0,383.0,30488,SP
35,2024,4,25.0,245.0,424.0,142.0,30873,SP
35,2024,5,19.0,252.0,457.0,38.0,32874,SP
35,2024,6,29.0,240.0,426.0,40.0,31820,SP
35,2024,7,24.0,249.0,416.0,59.0,31765,SP
35,2024,8,26.0,278.0,423.0,128.0,31186,SP
35,2024,9,24.0,255.0,393.0,246.0,29123,SP
35,2024,10,24.0,231.0,360.0,111.0,27377,SP
35,2024,11,26.0,190.0,346.0,63.0,26562,SP
35,2024,12,31.0,226.0,331.0,97.0,27546,SP
41,2018,1,4.0,46.0,25.0,0.0,5662,PR
41,2018,2,5.0,47.0,19.0,0.0,5201,PR
41,2018,3,4.0,42.0,21.0,0.0,6122,PR
41,2018,4,5.0,55.0,18.0,0.0,5568,PR
41,2018,5,10.0,55.0,23.0,0.0,6285,PR
41,2018,6,2.0,64.0,20.0,0.0,6885,PR
41,2018,7,4.0,58.0,31.0,0.0,7178,PR
41,2018,8,9.0,61.0,27.0,0.0,6791,PR
41,2018,9,3.0,61.0,19.0,0.0,6196,PR
41,2018,10,7.0,46.0,27.0,0.0,5909,PR
41,2018,11,4.0,62.0,19.0,0.0,5854,PR
41,2018,12,6.0,58.0,23.0,0.0,6197,PR
41,2019,1,8.0,42.0,21.0,0.0,5874,PR
41,2019,2,4.0,35.0,25.0,0.0,5197,PR
41,2019,3,3.0,52.0,20.0,0.0,5903,PR
41,2019,4,6.0,43.0,28.0,0.0,5837,PR
41,2019,5,5.0,56.0,42.0,0.0,6494,PR
41,2019,6,6.0,53.0,38.0,0.0,6635,PR
41,2019,7,7.0,73.0,16.0,0.0,7088,PR
41,2019,8,4.0,65.0,33.0,0.0,6678,PR
41,2019,9,4.0,52.0,17.0,0.0,6391,PR
41,2019,10,4.0,54.0,26.0,0.0,6310,PR
41,2019,11,8.0,71.0,19.0,0.0,6019,PR
41,2019,12,7.0,49.0,19.0,0.0,6140,PR
41,2020,1,7.0,46.0,26.0,0.0,6032,PR
41,2020,2,8.0,54.0,20.0,0.0,5739,PR
41,2020,3,5.0,43.0,21.0,4.0,6399,PR
41,2020,4,10.0,51.0,14.0,89.0,5923,PR
41,2020,5,6.0,61.0,23.0,117.0,6297,PR
41,2020,6,9.0,56.0,33.0,572.0,6704,PR
41,2020,7,7.0,70.0,25.0,1322.0,7753,PR
41,2020,8,4.0,60.0,17.0,1433.0,7912,PR
41,2020,9,5.0,52.0,17.0,1167.0,7263,PR
41,2020,10,9.0,58.0,27.0,764.0,7073,PR
41,2020,11,1.0,66.0,22.0,1000.0,7162,PR
41,2020,12,3.0,54.0,26.0,2251.0,8316,PR
41,2021,1,7.0,52.0,26.0,1976.0,8223,PR
41,2021,2,9.0,50.0,20.0,2040.0,7881,PR
41,2021,3,5.0,46.0,36.0,6629.0,13199,PR
41,2021,4,5.0,61.0,27.0,4813.0,10872,PR
41,2021,5,10.0,55.0,34.0,5115.0,11967,PR
41,2021,6,14.0,50.0,31.0,5486.0,12363,PR
41,2021,7,8.0,71.0,29.0,2571.0,10114,PR
41,2021,8,12.0,79.0,33.0,1526.0,8718,PR
41,2021,9,12.0,52.0,28.0,1416.0,7731,PR
41,2021,10,8.0,57.0,21.0,875.0,7500,PR
41,2021,11,9.0,54.0,36.0,421.0,6895,PR
41,2021,12,12.0,76.0,27.0,152.0,7143,PR
41,2022,1,7.0,75.0,33.0,689.0,8094,PR
41,2022,2,5.0,60.0,26.0,1431.0,7644,PR
41,2022,3,8.0,65.0,41.0,467.0,6802,PR
41,2022,4,7.0,65.0,35.0,142.0,7014,PR
41,2022,5,12.0,83.0,23.0,247.0,8464,PR
41,2022,6,18.0,101.0,40.0,407.0,8651,PR
41,2022,7,12.0,91.0,27.0,298.0,8116,PR
41,2022,8,8.0,89.0,25.0,210.0,7612,PR
41,2022,9,8.0,72.0,26.0,89.0,6895,PR
41,2022,10,12.0,69.0,21.0,34.0,7006,PR
41,2022,11,14.0,65.0,23.0,89.0,6602,PR
41,2022,12,9.0,68.0,26.0,357.0,6908,PR
41,2023,1,9.0,69.0,20.0,252.0,6576,PR
41,2023,2,16.0,76.0,27.0,49.0,5690,PR
41,2023,3,6.0,63.0,30.0,60.0,6650,PR
41,2023,4,11.0,76.0,28.0,55.0,6775,PR
41,2023,5,6.0,84.0,28.0,46.0,7496,PR
41,2023,6,14.0,70.0,26.0,54.0,7810,PR
41,2023,7,8.0,80.0,43.0,17.0,7494,PR
41,2023,8,9.0,83.0,24.0,29.0,7207,PR
41,2023,9,12.0,86.0,29.0,42.0,6996,PR
41,2023,10,7.0,66.0,26.0,98.0,6993,PR
41,2023,11,13.0,68.0,26.0,101.0,6789,PR
41,2023,12,9.0,56.0,43.0,69.0,6989,PR
41,2024,1,9.0,60.0,27.0,26.0,6687,PR
41,2024,2,15.0,63.0,27.0,68.0,6661,PR
41,2024,3,14.0,59.0,33.0,100.0,7799,PR
41,2024,4,7.0,83.0,43.0,39.0,7652,PR
41,2024,5,12.0,67.0,33.0,9.0,8091,PR
41,2024,6,9.0,93.0,36.0,7.0,7903,PR
41,2024,7,12.0,79.0,33.0,6.0,8238,PR
41,2024,8,12.0,81.0,26.0,22.0,8167,PR
41,2024,9,5.0,65.0,23.0,72.0,7490,PR
41,2024,10,4.0,64.0,20.0,46.0,6988,PR
41,2024,11,7.0,65.0,22.0,40.0,6673,PR
41,2024,12,7.0,62.0,22.0,23.0,6773,PR
42,2018,1,6.0,28.0,28.0,0.0,3150,SC
42,2018,2,2.0,19.0,13.0,0.0,2875,SC
42,2018,3,2.0,23.0,18.0,0.0,3211,SC
42,2018,4,7.0,20.0,30.0,0.0,3175,SC
42,2018,5,7.0,14.0,31.0,0.0,3404,SC
42,2018,6,3.0,29.0,37.0,0.0,3933,SC
42,2018,7,3.0,33.0,30.0,0.0,4034,SC
42,2018,8,3.0,37.0,20.0,0.0,3826,SC
42,2018,9,5.0,27.0,21.0,0.0,3593,SC
42,2018,10,3.0,28.0,21.0,0.0,3369,SC
42,2018,11,2.0,27.0,27.0,0.0,3331,SC
42,2018,12,6.0,18.0,16.0,0.0,3367,SC
42,2019,1,2.0,20.0,23.0,0.0,3391,SC
42,2019,2,3.0,29.0,27.0,0.0,3123,SC
42,2019,3,5.0,23.0,27.0,0.0,3350,SC
42,2019,4,6.0,32.0,21.0,0.0,3236,SC
42,2019,5,3.0,17.0,35.0,0.0,3456,SC
42,2019,6,4.0,19.0,36.0,0.0,3609,SC
42,2019,7,3.0,36.0,36.0,0.0,4143,SC
42,2019,8,3.0,28.0,36.0,0.0,3835,SC
42,2019,9,4.0,14.0,29.0,0.0,3653,SC
42,2019,10,4.0,32.0,23.0,0.0,3657,SC
42,2019,11,4.0,27.0,28.0,0.0,3369,SC
42,2019,12,4.0,22.0,32.0,0.0,3460,SC
42,2020,1,0.0,31.0,31.0,0.0,3368,SC
42,2020,2,4.0,30.0,21.0,0.0,3176,SC
42,2020,3,2.0,20.0,30.0,6.0,3510,SC
42,2020,4,3.0,19.0,19.0,54.0,3206,SC
42,2020,5,2.0,18.0,28.0,105.0,3340,SC
42,2020,6,6.0,26.0,31.0,216.0,3648,SC
42,2020,7,2.0,29.0,42.0,887.0,4648,SC
42,2020,8,5.0,27.0,42.0,1026.0,4795,SC
42,2020,9,2.0,30.0,26.0,497.0,3827,SC
42,2020,10,4.0,28.0,26.0,323.0,3706,SC
42,2020,11,8.0,15.0,32.0,708.0,4072,SC
42,2020,12,2.0,25.0,43.0,1491.0,5148,SC
42,2021,1,5.0,22.0,25.0,1076.0,4645,SC
42,2021,2,6.0,26.0,35.0,1131.0,4419,SC
42,2021,3,7.0,31.0,31.0,3727.0,7445,SC
42,2021,4,3.0,17.0,37.0,2466.0,5969,SC
42,2021,5,7.0,25.0,38.0,1725.0,5673,SC
42,2021,6,6.0,29.0,53.0,1504.0,5374,SC
42,2021,7,3.0,26.0,53.0,1072.0,5324,SC
42,2021,8,6.0,23.0,47.0,677.0,4612,SC
42,2021,9,6.0,19.0,36.0,517.0,4105,SC
42,2021,10,3.0,33.0,33.0,381.0,4241,SC
42,2021,11,4.0,27.0,28.0,292.0,4106,SC
42,2021,12,4.0,29.0,25.0,173.0,3985,SC
42,2022,1,5.0,35.0,51.0,478.0,4909,SC
42,2022,2,4.0,13.0,37.0,712.0,4383,SC
42,2022,3,3.0,29.0,29.0,235.0,3932,SC
42,2022,4,3.0,28.0,26.0,64.0,4038,SC
42,2022,5,6.0,51.0,39.0,72.0,4585,SC
42,2022,6,6.0,41.0,52.0,159.0,4939,SC
42,2022,7,5.0,42.0,42.0,198.0,4665,SC
42,2022,8,3.0,42.0,39.0,103.0,4339,SC
42,2022,9,6.0,30.0,33.0,40.0,3941,SC
42,2022,10,6.0,29.0,29.0,14.0,3936,SC
42,2022,11,5.0,22.0,24.0,53.0,3686,SC
42,2022,12,6.0,45.0,24.0,122.0,3964,SC
42,2023,1,3.0,43.0,26.0,91.0,3826,SC
42,2023,2,5.0,23.0,22.0,18.0,3290,SC
42,2023,3,1.0,23.0,23.0,24.0,3908,SC
42,2023,4,5.0,34.0,33.0,35.0,4172,SC
42,2023,5,3.0,30.0,30.0,27.0,4571,SC
42,2023,6,6.0,35.0,34.0,21.0,4367,SC
42,2023,7,4.0,53.0,31.0,16.0,4491,SC
42,2023,8,7.0,50.0,38.0,5.0,4118,SC
42,2023,9,2.0,42.0,23.0,12.0,3935,SC
42,2023,10,12.0,32.0,41.0,22.0,3904,SC
42,2023,11,5.0,32.0,40.0,45.0,3949,SC
42,2023,12,9.0,31.0,39.0,31.0,4058,SC
42,2024,1,5.0,21.0,21.0,27.0,3993,SC
42,2024,2,3.0,31.0,21.0,26.0,3835,SC
42,2024,3,7.0,38.0,25.0,44.0,4396,SC
42,2024,4,2.0,30.0,25.0,10.0,4518,SC
42,2024,5,4.0,37.0,39.0,5.0,4617,SC
42,2024,6,4.0,45.0,45.0,5.0,4612,SC
42,2024,7,4.0,33.0,33.0,1.0,4986,SC
42,2024,8,5.0,34.0,26.0,5.0,4721,SC
42,2024,9,4.0,36.0,29.0,7.0,4335,SC
42,2024,10,5.0,28.0,31.0,15.0,4273,SC
42,2024,11,2.0,32.0,26.0,29.0,3913,SC
42,2024,12,7.0,35.0,19.0,15.0,4025,SC
43,2018,1,5.0,34.0,28.0,0.0,6622,RS
43,2018,2,5.0,46.0,19.0,0.0,5972,RS
43,2018,3,7.0,50.0,17.0,0.0,6740,RS
43,2018,4,6.0,41.0,14.0,0.0,6627,RS
43,2018,5,5.0,60.0,13.0,0.0,7071,RS
43,2018,6,5.0,65.0,29.0,0.0,8563,RS
43,2018,7,4.0,83.0,35.0,0.0,9283,RS
43,2018,8,5.0,64.0,33.0,0.0,9040,RS
43,2018,9,5.0,51.0,23.0,0.0,7803,RS
43,2018,10,6.0,55.0,24.0,0.0,7215,RS
43,2018,11,5.0,48.0,18.0,0.0,6697,RS
43,2018,12,5.0,46.0,23.0,0.0,6985,RS
43,2019,1,5.0,51.0,16.0,0.0,7205,RS
43,2019,2,10.0,36.0,16.0,0.0,6124,RS
43,2019,3,3.0,52.0,19.0,0.0,6711,RS
43,2019,4,3.0,49.0,23.0,0.0,6593,RS
43,2019,5,4.0,50.0,30.0,0.0,7258,RS
43,2019,6,4.0,64.0,21.0,0.0,7712,RS
43,2019,7,8.0,78.0,11.0,0.0,9181,RS
43,2019,8,3.0,85.0,24.0,0.0,8921,RS
43,2019,9,5.0,67.0,24.0,0.0,7801,RS
43,2019,10,9.0,54.0,19.0,0.0,7622,RS
43,2019,11,4.0,63.0,29.0,0.0,6940,RS
43,2019,12,6.0,59.0,28.0,0.0,7170,RS
43,2020,1,9.0,48.0,15.0,0.0,6987,RS
43,2020,2,9.0,53.0,16.0,0.0,6397,RS
43,2020,3,4.0,59.0,19.0,6.0,6843,RS
43,2020,4,3.0,49.0,14.0,66.0,6331,RS
43,2020,5,4.0,38.0,19.0,192.0,7244,RS
43,2020,6,11.0,57.0,19.0,450.0,7469,RS
43,2020,7,9.0,82.0,26.0,1387.0,9400,RS
43,2020,8,4.0,57.0,18.0,1607.0,9051,RS
43,2020,9,3.0,40.0,19.0,1283.0,8140,RS
43,2020,10,7.0,39.0,27.0,983.0,8021,RS
43,2020,11,2.0,51.0,14.0,1175.0,7957,RS
43,2020,12,6.0,42.0,14.0,2136.0,8951,RS
43,2021,1,9.0,49.0,23.0,1747.0,9041,RS
43,2021,2,3.0,46.0,19.0,2037.0,8491,RS
43,2021,3,7.0,55.0,19.0,8543.0,15890,RS
43,2021,4,7.0,45.0,19.0,4503.0,11228,RS
43,2021,5,4.0,73.0,19.0,2954.0,10978,RS
43,2021,6,5.0,70.0,25.0,2900.0,11052,RS
43,2021,7,5.0,71.0,28.0,1668.0,10412,RS
43,2021,8,8.0,72.0,19.0,770.0,8834,RS
43,2021,9,5.0,57.0,21.0,603.0,7844,RS
43,2021,10,5.0,60.0,24.0,669.0,8345,RS
43,2021,11,6.0,55.0,21.0,586.0,7978,RS
43,2021,12,9.0,58.0,19.0,247.0,7629,RS
43,2022,1,12.0,64.0,22.0,712.0,10325,RS
43,2022,2,5.0,46.0,20.0,1373.0,8558,RS
43,2022,3,6.0,67.0,18.0,525.0,7910,RS
43,2022,4,3.0,66.0,23.0,160.0,7805,RS
43,2022,5,5.0,67.0,38.0,277.0,9633,RS
43,2022,6,8.0,95.0,26.0,455.0,10469,RS
43,2022,7,4.0,80.0,32.0,367.0,9687,RS
43,2022,8,10.0,81.0,38.0,297.0,9024,RS
43,2022,9,2.0,67.0,28.0,137.0,8027,RS
43,2022,10,7.0,63.0,23.0,43.0,7717,RS
43,2022,11,6.0,77.0,32.0,60.0,7411,RS
43,2022,12,8.0,62.0,20.0,247.0,7530,RS
43,2023,1,7.0,62.0,20.0,238.0,7524,RS
43,2023,2,6.0,68.0,15.0,47.0,6410,RS
43,2023,3,6.0,60.0,21.0,51.0,7260,RS
43,2023,4,5.0,49.0,18.0,131.0,7361,RS
43,2023,5,3.0,80.0,33.0,100.0,8621,RS
43,2023,6,6.0,79.0,20.0,32.0,8743,RS
43,2023,7,6.0,83.0,27.0,18.0,8825,RS
43,2023,8,5.0,81.0,17.0,22.0,8269,RS
43,2023,9,3.0,71.0,20.0,25.0,7673,RS
43,2023,10,8.0,63.0,35.0,46.0,7897,RS
43,2023,11,7.0,61.0,20.0,90.0,7278,RS
43,2023,12,4.0,46.0,19.0,61.0,7655,RS
43,2024,1,8.0,68.0,31.0,45.0,7464,RS
43,2024,2,5.0,45.0,23.0,68.0,7219,RS
43,2024,3,6.0,72.0,23.0,105.0,7959,RS
43,2024,4,5.0,76.0,32.0,50.0,8202,RS
43,2024,5,3.0,68.0,38.0,9.0,9667,RS
43,2024,6,4.0,67.0,22.0,8.0,9121,RS
43,2024,7,6.0,111.0,27.0,3.0,10280,RS
43,2024,8,9.0,97.0,34.0,7.0,9330,RS
43,2024,9,10.0,86.0,31.0,16.0,8736,RS
43,2024,10,3.0,75.0,35.0,33.0,8341,RS
43,2024,11,7.0,71.0,29.0,43.0,7688,RS
43,2024,12,8.0,76.0,26.0,47.0,7473,RS
50,2018,1,1.0,8.0,4.0,0.0,1259,MS
50,2018,2,0.0,10.0,2.0,0.0,1163,MS
50,2018,3,2.0,7.0,5.0,0.0,1400,MS
50,2018,4,1.0,12.0,6.0,0.0,1396,MS
50,2018,5,2.0,7.0,6.0,0.0,1448,MS
50,2018,6,0.0,12.0,4.0,0.0,1488,MS
50,2018,7,3.0,5.0,4.0,0.0,1575,MS
50,2018,8,0.0,10.0,5.0,0.0,1476,MS
50,2018,9,2.0,11.0,7.0,0.0,1348,MS
50,2018,10,3.0,8.0,5.0,0.0,1360,MS
50,2018,11,2.0,13.0,2.0,0.0,1291,MS
50,2018,12,2.0,10.0,7.0,0.0,1396,MS
50,2019,1,2.0,13.0,5.0,0.0,1324,MS
50,2019,2,1.0,8.0,2.0,0.0,1194,MS
50,2019,3,1.0,6.0,10.0,0.0,1279,MS
50,2019,4,1.0,8.0,6.0,0.0,1338,MS
50,2019,5,3.0,12.0,7.0,0.0,1495,MS
50,2019,6,2.0,10.0,10.0,0.0,1547,MS
50,2019,7,3.0,4.0,8.0,0.0,1605,MS
50,2019,8,1.0,11.0,8.0,0.0,1551,MS
50,2019,9,1.0,15.0,9.0,0.0,1482,MS
50,2019,10,1.0,13.0,6.0,0.0,1365,MS
50,2019,11,0.0,5.0,10.0,0.0,1302,MS
50,2019,12,0.0,10.0,8.0,0.0,1333,MS
50,2020,1,2.0,4.0,5.0,0.0,1315,MS
50,2020,2,2.0,13.0,10.0,0.0,1282,MS
50,2020,3,2.0,12.0,5.0,1.0,1537,MS
50,2020,4,1.0,9.0,5.0,7.0,1285,MS
50,2020,5,2.0,17.0,5.0,11.0,1408,MS
50,2020,6,2.0,10.0,9.0,72.0,1373,MS
50,2020,7,3.0,13.0,6.0,315.0,1777,MS
50,2020,8,4.0,14.0,6.0,482.0,2010,MS
50,2020,9,3.0,18.0,11.0,408.0,1842,MS
50,2020,10,2.0,5.0,11.0,271.0,1936,MS
50,2020,11,3.0,11.0,7.0,156.0,1394,MS
50,2020,12,2.0,9.0,13.0,521.0,1892,MS
50,2021,1,2.0,16.0,8.0,542.0,1944,MS
50,2021,2,3.0,17.0,7.0,381.0,1666,MS
50,2021,3,4.0,9.0,9.0,1077.0,2562,MS
50,2021,4,2.0,7.0,4.0,1366.0,2788,MS
50,2021,5,1.0,9.0,7.0,1079.0,2712,MS
50,2021,6,5.0,15.0,11.0,1223.0,2773,MS
50,2021,7,4.0,13.0,9.0,626.0,2407,MS
50,2021,8,5.0,15.0,8.0,336.0,1960,MS
50,2021,9,1.0,17.0,6.0,135.0,1599,MS
50,2021,10,4.0,17.0,4.0,45.0,1554,MS
50,2021,11,4.0,29.0,8.0,27.0,1483,MS
50,2021,12,4.0,25.0,8.0,30.0,1601,MS
50,2022,1,5.0,26.0,7.0,180.0,2023,MS
50,2022,2,5.0,17.0,6.0,387.0,1869,MS
50,2022,3,5.0,20.0,5.0,102.0,1659,MS
50,2022,4,6.0,19.0,10.0,15.0,1645,MS
50,2022,5,6.0,20.0,7.0,22.0,1844,MS
50,2022,6,5.0,28.0,13.0,44.0,1811,MS
50,2022,7,8.0,19.0,12.0,69.0,1726,MS
50,2022,8,6.0,29.0,10.0,57.0,1644,MS
50,2022,9,1.0,16.0,8.0,20.0,1553,MS
50,2022,10,6.0,17.0,9.0,3.0,1663,MS
50,2022,11,3.0,20.0,4.0,5.0,1453,MS
50,2022,12,3.0,25.0,10.0,55.0,1544,MS
50,2023,1,3.0,11.0,5.0,48.0,1500,MS
50,2023,2,2.0,16.0,5.0,13.0,1303,MS
50,2023,3,3.0,11.0,7.0,8.0,1524,MS
50,2023,4,4.0,11.0,18.0,11.0,1601,MS
50,2023,5,4.0,31.0,4.0,13.0,1811,MS
50,2023,6,2.0,16.0,15.0,15.0,1837,MS
50,2023,7,1.0,21.0,12.0,6.0,1740,MS
50,2023,8,3.0,16.0,10.0,4.0,1627,MS
50,2023,9,4.0,15.0,13.0,7.0,1632,MS
50,2023,10,2.0,18.0,11.0,10.0,1701,MS
50,2023,11,1.0,13.0,8.0,12.0,1746,MS
50,2023,12,1.0,6.0,6.0,15.0,1616,MS
50,2024,1,3.0,17.0,11.0,12.0,1608,MS
50,2024,2,3.0,16.0,12.0,17.0,1386,MS
50,2024,3,3.0,15.0,6.0,19.0,1671,MS
50,2024,4,4.0,17.0,3.0,5.0,1581,MS
50,2024,5,4.0,19.0,16.0,3.0,1762,MS
50,2024,6,2.0,22.0,6.0,1.0,1701,MS
50,2024,7,4.0,27.0,12.0,1.0,1768,MS
50,2024,8,1.0,20.0,10.0,13.0,1825,MS
50,2024,9,3.0,18.0,5.0,21.0,1762,MS
50,2024,10,3.0,12.0,9.0,7.0,1638,MS
50,2024,11,5.0,18.0,11.0,3.0,1559,MS
50,2024,12,3.0,11.0,11.0,4.0,1580,MS
51,2018,1,1.0,13.0,5.0,0.0,1591,MT
51,2018,2,1.0,9.0,1.0,0.0,1422,MT
51,2018,3,2.0,18.0,9.0,0.0,1629,MT
51,2018,4,1.0,14.0,5.0,0.0,1580,MT
51,2018,5,0.0,15.0,4.0,0.0,1586,MT
51,2018,6,0.0,17.0,4.0,0.0,1538,MT
51,2018,7,2.0,10.0,4.0,0.0,1562,MT
51,2018,8,3.0,10.0,4.0,0.0,1497,MT
51,2018,9,3.0,16.0,4.0,0.0,1479,MT
51,2018,10,1.0,15.0,6.0,0.0,1443,MT
51,2018,11,2.0,8.0,8.0,0.0,1347,MT
51,2018,12,1.0,13.0,7.0,0.0,1531,MT
51,2019,1,0.0,7.0,6.0,0.0,1384,MT
51,2019,2,1.0,16.0,5.0,0.0,1241,MT
51,2019,3,2.0,4.0,8.0,0.0,1521,MT
51,2019,4,3.0,10.0,4.0,0.0,1516,MT
51,2019,5,2.0,10.0,4.0,0.0,1593,MT
51,2019,6,1.0,10.0,4.0,0.0,1566,MT
51,2019,7,1.0,9.0,2.0,0.0,1597,MT
51,2019,8,1.0,7.0,1.0,0.0,1542,MT
51,2019,9,0.0,11.0,6.0,0.0,1740,MT
51,2019,10,5.0,7.0,8.0,0.0,1583,MT
51,2019,11,3.0,20.0,3.0,0.0,1483,MT
51,2019,12,1.0,10.0,4.0,0.0,1575,MT
51,2020,1,2.0,11.0,4.0,0.0,1593,MT
51,2020,2,1.0,6.0,3.0,0.0,1449,MT
51,2020,3,1.0,20.0,5.0,1.0,1709,MT
51,2020,4,1.0,14.0,3.0,12.0,1448,MT
51,2020,5,3.0,4.0,3.0,60.0,1500,MT
51,2020,6,1.0,10.0,6.0,673.0,2328,MT
51,2020,7,1.0,9.0,2.0,1228.0,2848,MT
51,2020,8,2.0,13.0,3.0,923.0,2545,MT
51,2020,9,3.0,7.0,4.0,636.0,2158,MT
51,2020,10,2.0,13.0,6.0,363.0,2235,MT
51,2020,11,2.0,8.0,10.0,184.0,1747,MT
51,2020,12,2.0,12.0,1.0,301.0,1837,MT
51,2021,1,3.0,11.0,4.0,617.0,2152,MT
51,2021,2,1.0,9.0,6.0,652.0,2022,MT
51,2021,3,4.0,15.0,5.0,2059.0,3748,MT
51,2021,4,3.0,10.0,8.0,2010.0,3618,MT
51,2021,5,1.0,13.0,6.0,1078.0,2711,MT
51,2021,6,3.0,10.0,6.0,991.0,2552,MT
51,2021,7,1.0,10.0,8.0,703.0,2492,MT
51,2021,8,2.0,11.0,1.0,639.0,2328,MT
51,2021,9,1.0,9.0,2.0,263.0,1916,MT
51,2021,10,0.0,11.0,8.0,104.0,1715,MT
51,2021,11,3.0,12.0,5.0,57.0,1589,MT
51,2021,12,3.0,13.0,7.0,43.0,1780,MT
51,2022,1,2.0,16.0,6.0,323.0,2435,MT
51,2022,2,1.0,10.0,5.0,359.0,1923,MT
51,2022,3,4.0,17.0,10.0,94.0,1754,MT
51,2022,4,4.0,14.0,9.0,26.0,1733,MT
51,2022,5,7.0,19.0,2.0,14.0,1745,MT
51,2022,6,3.0,11.0,13.0,80.0,1713,MT
51,2022,7,3.0,22.0,8.0,172.0,1907,MT
51,2022,8,0.0,14.0,5.0,37.0,1755,MT
51,2022,9,2.0,18.0,5.0,11.0,1679,MT
51,2022,10,1.0,21.0,9.0,5.0,1661,MT
51,2022,11,2.0,13.0,5.0,6.0,1684,MT
51,2022,12,3.0,12.0,7.0,59.0,1742,MT
51,2023,1,0.0,17.0,5.0,60.0,1606,MT
51,2023,2,0.0,9.0,6.0,8.0,1584,MT
51,2023,3,3.0,13.0,8.0,4.0,1743,MT
51,2023,4,1.0,5.0,6.0,4.0,1815,MT
51,2023,5,5.0,10.0,7.0,10.0,1896,MT
51,2023,6,2.0,13.0,7.0,10.0,1836,MT
51,2023,7,1.0,15.0,6.0,12.0,1946,MT
51,2023,8,6.0,9.0,12.0,8.0,1910,MT
51,2023,9,4.0,21.0,7.0,3.0,1801,MT
51,2023,10,4.0,14.0,11.0,7.0,1948,MT
51,2023,11,1.0,17.0,7.0,0.0,1923,MT
51,2023,12,5.0,14.0,8.0,6.0,1782,MT
51,2024,1,4.0,9.0,9.0,18.0,1747,MT
51,2024,2,2.0,13.0,1.0,32.0,1732,MT
51,2024,3,5.0,17.0,9.0,13.0,1788,MT
51,2024,4,1.0,10.0,5.0,3.0,1949,MT
51,2024,5,1.0,20.0,6.0,1.0,2114,MT
51,2024,6,1.0,12.0,10.0,0.0,1939,MT
51,2024,7,4.0,14.0,6.0,1.0,1995,MT
51,2024,8,3.0,18.0,8.0,6.0,1954,MT
51,2024,9,1.0,13.0,7.0,9.0,1961,MT
51,2024,10,1.0,21.0,10.0,1.0,1997,MT
51,2024,11,0.0,17.0,7.0,3.0,1762,MT
51,2024,12,5.0,11.0,10.0,4.0,1865,MT
52,2018,1,1.0,32.0,18.0,0.0,3325,GO
52,2018,2,2.0,23.0,19.0,0.0,2855,GO
52,2018,3,6.0,33.0,17.0,0.0,3517,GO
52,2018,4,4.0,29.0,14.0,0.0,3603,GO
52,2018,5,4.0,30.0,20.0,0.0,3420,GO
52,2018,6,4.0,43.0,14.0,0.0,3198,GO
52,2018,7,9.0,31.0,19.0,0.0,3366,GO
52,2018,8,3.0,22.0,11.0,0.0,3250,GO
52,2018,9,4.0,27.0,24.0,0.0,3227,GO
52,2018,10,4.0,31.0,18.0,0.0,3268,GO
52,2018,11,6.0,27.0,17.0,0.0,3050,GO
52,2018,12,6.0,45.0,16.0,0.0,3428,GO
52,2019,1,2.0,24.0,17.0,0.0,3322,GO
52,2019,2,5.0,17.0,12.0,0.0,2935,GO
52,2019,3,6.0,33.0,11.0,0.0,3250,GO
52,2019,4,3.0,23.0,12.0,0.0,3459,GO
52,2019,5,4.0,46.0,11.0,0.0,3523,GO
52,2019,6,3.0,31.0,24.0,0.0,3646,GO
52,2019,7,4.0,40.0,25.0,0.0,3754,GO
52,2019,8,5.0,39.0,20.0,0.0,3417,GO
52,2019,9,5.0,30.0,23.0,0.0,3624,GO
52,2019,10,3.0,31.0,23.0,0.0,3467,GO
52,2019,11,3.0,35.0,20.0,0.0,3232,GO
52,2019,12,5.0,40.0,16.0,0.0,3396,GO
52,2020,1,8.0,48.0,25.0,0.0,3399,GO
52,2020,2,7.0,34.0,16.0,0.0,3184,GO
52,2020,3,4.0,35.0,22.0,7.0,3467,GO
52,2020,4,9.0,28.0,7.0,47.0,3175,GO
52,2020,5,5.0,37.0,12.0,156.0,3556,GO
52,2020,6,10.0,33.0,9.0,583.0,3811,GO
52,2020,7,6.0,33.0,9.0,1696.0,5274,GO
52,2020,8,3.0,37.0,8.0,1938.0,5426,GO
52,2020,9,5.0,23.0,14.0,1507.0,4830,GO
52,2020,10,11.0,38.0,17.0,920.0,4859,GO
52,2020,11,4.0,32.0,14.0,371.0,3621,GO
52,2020,12,9.0,26.0,15.0,391.0,3756,GO
52,2021,1,4.0,26.0,14.0,740.0,4173,GO
52,2021,2,3.0,34.0,18.0,1258.0,4382,GO
52,2021,3,5.0,37.0,21.0,4382.0,7929,GO
52,2021,4,9.0,27.0,24.0,3108.0,6445,GO
52,2021,5,6.0,27.0,19.0,1777.0,5255,GO
52,2021,6,7.0,48.0,25.0,1963.0,5362,GO
52,2021,7,11.0,38.0,33.0,1774.0,5777,GO
52,2021,8,5.0,42.0,20.0,1512.0,5261,GO
52,2021,9,5.0,35.0,24.0,840.0,4493,GO
52,2021,10,2.0,40.0,27.0,506.0,3996,GO
52,2021,11,5.0,29.0,21.0,181.0,3683,GO
52,2021,12,2.0,31.0,15.0,100.0,3956,GO
52,2022,1,8.0,35.0,34.0,646.0,5321,GO
52,2022,2,4.0,28.0,16.0,683.0,4346,GO
52,2022,3,1.0,31.0,25.0,175.0,3862,GO
52,2022,4,4.0,20.0,23.0,53.0,3741,GO
52,2022,5,3.0,31.0,23.0,64.0,3843,GO
52,2022,6,1.0,24.0,28.0,333.0,4043,GO
52,2022,7,7.0,30.0,20.0,246.0,4019,GO
52,2022,8,3.0,31.0,23.0,85.0,3676,GO
52,2022,9,5.0,28.0,19.0,21.0,3573,GO
52,2022,10,5.0,21.0,17.0,9.0,3655,GO
52,2022,11,2.0,39.0,14.0,33.0,3384,GO
52,2022,12,6.0,33.0,21.0,182.0,3807,GO
52,2023,1,2.0,24.0,15.0,102.0,3616,GO
52,2023,2,3.0,32.0,17.0,33.0,3449,GO
52,2023,3,3.0,31.0,9.0,39.0,3781,GO
52,2023,4,5.0,24.0,14.0,37.0,3661,GO
52,2023,5,5.0,25.0,17.0,40.0,3900,GO
52,2023,6,7.0,20.0,19.0,45.0,3810,GO
52,2023,7,8.0,30.0,21.0,27.0,3968,GO
52,2023,8,5.0,35.0,20.0,27.0,3752,GO
52,2023,9,1.0,22.0,22.0,49.0,3624,GO
52,2023,10,4.0,36.0,14.0,49.0,3952,GO
52,2023,11,5.0,29.0,22.0,32.0,3715,GO
52,2023,12,5.0,29.0,17.0,12.0,3813,GO
52,2024,1,4.0,30.0,15.0,25.0,3635,GO
52,2024,2,9.0,37.0,23.0,57.0,3572,GO
52,2024,3,8.0,46.0,21.0,31.0,4061,GO
52,2024,4,2.0,49.0,10.0,9.0,4210,GO
52,2024,5,5.0,36.0,33.0,4.0,4366,GO
52,2024,6,4.0,36.0,12.0,8.0,4017,GO
52,2024,7,3.0,27.0,18.0,15.0,4090,GO
52,2024,8,5.0,44.0,17.0,33.0,3910,GO
52,2024,9,7.0,41.0,18.0,45.0,4125,GO
52,2024,10,5.0,37.0,9.0,21.0,4140,GO
52,2024,11,4.0,35.0,18.0,11.0,3735,GO
52,2024,12,6.0,45.0,19.0,6.0,3969,GO
53,2018,1,2.0,2.0,1.0,0.0,930,DF
53,2018,2,2.0,6.0,2.0,0.0,942,DF
53,2018,3,0.0,11.0,2.0,0.0,1088,DF
53,2018,4,1.0,10.0,1.0,0.0,1013,DF
53,2018,5,1.0,9.0,2.0,0.0,1051,DF
53,2018,6,1.0,9.0,3.0,0.0,1081,DF
53,2018,7,0.0,3.0,4.0,0.0,1036,DF
53,2018,8,1.0,5.0,0.0,0.0,1037,DF
53,2018,9,2.0,7.0,2.0,0.0,929,DF
53,2018,10,2.0,3.0,2.0,0.0,1022,DF
53,2018,11,1.0,5.0,2.0,0.0,989,DF
53,2018,12,0.0,3.0,3.0,0.0,1039,DF
53,2019,1,0.0,10.0,4.0,0.0,1011,DF
53,2019,2,1.0,2.0,4.0,0.0,919,DF
53,2019,3,0.0,2.0,3.0,0.0,1060,DF
53,2019,4,2.0,5.0,2.0,0.0,1066,DF
53,2019,5,2.0,6.0,4.0,0.0,1150,DF
53,2019,6,2.0,4.0,4.0,0.0,1122,DF
53,2019,7,0.0,9.0,6.0,0.0,1157,DF
53,2019,8,2.0,9.0,7.0,0.0,1084,DF
53,2019,9,2.0,8.0,2.0,0.0,1120,DF
53,2019,10,2.0,9.0,3.0,0.0,1085,DF
53,2019,11,1.0,4.0,2.0,0.0,996,DF
53,2019,12,1.0,3.0,3.0,0.0,1034,DF
53,2020,1,0.0,9.0,4.0,0.0,1034,DF
53,2020,2,0.0,4.0,3.0,0.0,960,DF
53,2020,3,2.0,8.0,2.0,9.0,1144,DF
53,2020,4,0.0,3.0,4.0,36.0,998,DF
53,2020,5,2.0,6.0,2.0,118.0,1160,DF
53,2020,6,2.0,11.0,4.0,401.0,1555,DF
53,2020,7,1.0,14.0,3.0,737.0,1983,DF
53,2020,8,3.0,11.0,5.0,741.0,2003,DF
53,2020,9,2.0,12.0,4.0,428.0,1536,DF
53,2020,10,1.0,7.0,2.0,269.0,1359,DF
53,2020,11,1.0,7.0,4.0,193.0,1272,DF
53,2020,12,1.0,5.0,5.0,166.0,1214,DF
53,2021,1,1.0,3.0,3.0,255.0,1317,DF
53,2021,2,0.0,5.0,1.0,243.0,1217,DF
53,2021,3,2.0,7.0,5.0,1244.0,2432,DF
53,2021,4,2.0,7.0,3.0,1432.0,2534,DF
53,2021,5,2.0,6.0,5.0,695.0,1800,DF
53,2021,6,1.0,8.0,2.0,486.0,1516,DF
53,2021,7,0.0,1.0,4.0,336.0,1501,DF
53,2021,8,0.0,9.0,2.0,328.0,1463,DF
53,2021,9,1.0,7.0,7.0,337.0,1445,DF
53,2021,10,2.0,3.0,6.0,342.0,1448,DF
53,2021,11,1.0,5.0,4.0,116.0,1203,DF
53,2021,12,0.0,9.0,9.0,45.0,1203,DF
53,2022,1,0.0,11.0,3.0,101.0,1470,DF
53,2022,2,1.0,13.0,3.0,246.0,1309,DF
53,2022,3,2.0,10.0,3.0,74.0,1215,DF
53,2022,4,2.0,10.0,2.0,18.0,1158,DF
53,2022,5,2.0,9.0,3.0,13.0,1189,DF
53,2022,6,2.0,10.0,7.0,105.0,1248,DF
53,2022,7,1.0,7.0,5.0,89.0,1219,DF
53,2022,8,1.0,6.0,3.0,21.0,1128,DF
53,2022,9,4.0,4.0,5.0,7.0,1082,DF
53,2022,10,2.0,6.0,6.0,4.0,1145,DF
53,2022,11,1.0,6.0,5.0,13.0,1113,DF
53,2022,12,2.0,11.0,3.0,36.0,1181,DF
53,2023,1,3.0,16.0,5.0,30.0,1161,DF
53,2023,2,2.0,9.0,5.0,9.0,1036,DF
53,2023,3,0.0,11.0,3.0,8.0,1138,DF
53,2023,4,2.0,7.0,6.0,16.0,1208,DF
53,2023,5,4.0,14.0,8.0,16.0,1201,DF
53,2023,6,2.0,11.0,5.0,9.0,1201,DF
53,2023,7,1.0,9.0,6.0,6.0,1178,DF
53,2023,8,3.0,7.0,3.0,8.0,1133,DF
53,2023,9,1.0,8.0,4.0,11.0,1109,DF
53,2023,10,3.0,8.0,2.0,12.0,1283,DF
53,2023,11,6.0,9.0,4.0,11.0,1178,DF
53,2023,12,5.0,20.0,6.0,6.0,1253,DF
53,2024,1,5.0,15.0,8.0,5.0,1300,DF
53,2024,2,6.0,17.0,7.0,14.0,1385,DF
53,2024,3,8.0,18.0,5.0,16.0,1452,DF
53,2024,4,4.0,25.0,10.0,4.0,1414,DF
53,2024,5,8.0,19.0,5.0,1.0,1440,DF
53,2024,6,4.0,12.0,7.0,2.0,1289,DF
53,2024,7,3.0,14.0,7.0,6.0,1361,DF
53,2024,8,6.0,12.0,10.0,9.0,1224,DF
53,2024,9,2.0,11.0,10.0,15.0,1214,DF
53,2024,10,4.0,9.0,3.0,9.0,1297,DF
53,2024,11,4.0,9.0,7.0,3.0,1197,DF
53,2024,12,5.0,22.0,3.0,1.0,1305,DF
