uf,ano,parada,r_codes,parada_inv,covid,total
13,2019,72.0,2317.0,72.0,0.0,18327
13,2022,88.0,1649.0,88.0,677.0,20155
13,2024,99.0,1564.0,99.0,58.0,20225
29,2019,615.0,11388.0,615.0,0.0,93365
29,2022,774.0,10364.0,774.0,3406.0,107641
29,2017,371.0,11638.0,371.0,0.0,90915
23,2017,584.0,2173.0,584.0,0.0,59263
23,2022,658.0,1491.0,658.0,2343.0,64664
29,2024,817.0,7018.0,817.0,171.0,106212
32,2023,174.0,192.0,174.0,144.0,27315
52,2023,394.0,635.0,394.0,492.0,45041
23,2024,683.0,1474.0,683.0,145.0,63496
53,2016,57.0,228.0,57.0,0.0,12050
32,2021,207.0,252.0,207.0,6292.0,32801
52,2021,491.0,676.0,491.0,18141.0,60712
31,2016,765.0,10960.0,765.0,0.0,135257
31,2020,1464.0,10514.0,1464.0,13445.0,152128
50,2018,137.0,330.0,137.0,0.0,16600
50,2021,231.0,680.0,231.0,6867.0,25049
15,2017,138.0,2686.0,138.0,0.0,39980
15,2019,225.0,3290.0,225.0,0.0,40599
25,2018,156.0,1456.0,156.0,0.0,26644
25,2021,247.0,1737.0,247.0,5970.0,34678
15,2022,285.0,3350.0,285.0,1656.0,45499
25,2023,193.0,1301.0,193.0,90.0,28773
50,2023,217.0,677.0,217.0,162.0,19638
51,2018,180.0,1040.0,180.0,0.0,18205
41,2017,528.0,1692.0,528.0,0.0,71633
27,2020,117.0,1496.0,117.0,3589.0,24148
52,2018,435.0,596.0,435.0,0.0,39507
41,2019,721.0,1785.0,721.0,0.0,74566
41,2024,961.0,1600.0,961.0,458.0,89122
33,2017,706.0,9320.0,706.0,0.0,136709
33,2019,1182.0,12027.0,1182.0,0.0,144600
41,2022,1033.0,2018.0,1033.0,4460.0,89808
33,2022,1599.0,13746.0,1599.0,5453.0,150806
33,2024,2572.0,10967.0,2572.0,397.0,148156
42,2017,277.0,1177.0,277.0,0.0,39919
15,2024,297.0,3120.0,297.0,147.0,45375
42,2024,456.0,1237.0,456.0,189.0,52224
35,2018,2378.0,14419.0,2378.0,0.0,298313
35,2021,3581.0,19397.0,3581.0,110401.0,431616
35,2023,3241.0,13630.0,3241.0,3162.0,334303
13,2017,42.0,2147.0,42.0,0.0,17281
23,2019,334.0,1643.0,334.0,0.0,56580
53,2020,114.0,345.0,114.0,3098.0,16218
51,2023,191.0,1035.0,191.0,132.0,21790
32,2018,141.0,164.0,141.0,0.0,23500
11,2017,59.0,469.0,59.0,0.0,8219
11,2019,68.0,521.0,68.0,0.0,8338
11,2022,83.0,769.0,83.0,604.0,10277
11,2024,84.0,629.0,84.0,38.0,10097
42,2019,348.0,1240.0,348.0,0.0,42282
28,2016,54.0,855.0,54.0,0.0,13516
16,2016,7.0,231.0,7.0,0.0,2995
16,2020,11.0,191.0,11.0,1113.0,4617
12,2016,19.0,243.0,19.0,0.0,3763
12,2020,19.0,662.0,19.0,809.0,4860
27,2016,41.0,930.0,41.0,0.0,20769
51,2021,160.0,1280.0,160.0,9216.0,28623
28,2020,64.0,1289.0,64.0,2342.0,15793
42,2022,469.0,1421.0,469.0,2250.0,51317
17,2016,27.0,162.0,27.0,0.0,7490
17,2020,83.0,244.0,83.0,1178.0,9271
13,2021,70.0,2178.0,70.0,9141.0,29080
13,2023,107.0,1589.0,107.0,98.0,20385
29,2018,565.0,10346.0,565.0,0.0,90134
29,2021,669.0,11458.0,669.0,17208.0,115392
13,2018,73.0,2158.0,73.0,0.0,17710
23,2018,387.0,1725.0,387.0,0.0,57028
23,2023,647.0,1339.0,647.0,239.0,60635
23,2021,963.0,2086.0,963.0,15754.0,73683
32,2022,178.0,352.0,178.0,1272.0,27992
32,2024,150.0,62.0,150.0,93.0,28142
52,2024,532.0,684.0,532.0,265.0,47830
21,2016,109.0,1786.0,109.0,0.0,34362
32,2019,203.0,208.0,203.0,0.0,24431
52,2022,410.0,724.0,410.0,2530.0,47270
50,2017,71.0,254.0,71.0,0.0,15954
50,2019,131.0,513.0,131.0,0.0,16815
50,2022,318.0,672.0,318.0,959.0,20434
15,2018,218.0,2837.0,218.0,0.0,40513
25,2019,168.0,1585.0,168.0,0.0,27378
25,2022,274.0,1848.0,274.0,988.0,32405
25,2024,198.0,1415.0,198.0,81.0,30153
51,2017,132.0,1036.0,132.0,0.0,17709
50,2024,252.0,695.0,252.0,106.0,19841
51,2019,142.0,1035.0,142.0,0.0,18341
15,2021,319.0,3525.0,319.0,10399.0,52166
26,2016,152.0,2696.0,152.0,0.0,66928
26,2020,289.0,3263.0,289.0,11428.0,76574
52,2017,200.0,961.0,200.0,0.0,39973
25,2017,109.0,1572.0,109.0,0.0,26975
41,2018,729.0,1604.0,729.0,0.0,73848
41,2023,1006.0,1853.0,1006.0,872.0,83465
41,2021,824.0,2430.0,824.0,33020.0,112606
24,2016,69.0,889.0,69.0,0.0,21922
24,2020,130.0,808.0,130.0,3092.0,24674
43,2016,448.0,4082.0,448.0,0.0,87583
43,2020,690.0,4604.0,690.0,9285.0,92791
33,2021,1228.0,17451.0,1228.0,41182.0,189232
14,2016,2.0,106.0,2.0,0.0,2157
14,2020,10.0,125.0,10.0,807.0,3580
42,2018,355.0,1283.0,355.0,0.0,41268
42,2023,497.0,1147.0,497.0,347.0,48589
35,2017,1424.0,13833.0,1424.0,0.0,294753
35,2019,2502.0,14513.0,2502.0,0.0,306190
35,2022,3499.0,14980.0,3499.0,18475.0,354056
35,2024,3162.0,13456.0,3162.0,1718.0,351616
29,2023,739.0,8429.0,739.0,422.0,103081
52,2019,442.0,828.0,442.0,0.0,41025
51,2024,208.0,1122.0,208.0,91.0,22803
22,2016,52.0,735.0,52.0,0.0,19187
21,2020,197.0,2252.0,197.0,5133.0,43271
22,2020,106.0,1313.0,106.0,2807.0,23646
33,2018,1047.0,10605.0,1047.0,0.0,140706
33,2023,2061.0,11770.0,2061.0,749.0,145148
11,2018,97.0,505.0,97.0,0.0,8165
11,2021,67.0,719.0,67.0,4871.0,14042
11,2023,80.0,692.0,80.0,73.0,9974
42,2021,372.0,1436.0,372.0,14741.0,59898
32,2017,82.0,179.0,82.0,0.0,24112
51,2022,222.0,1036.0,222.0,1186.0,21731
15,2023,273.0,2893.0,273.0,210.0,43780
13,2020,73.0,2777.0,73.0,5920.0,24765
29,2020,592.0,12025.0,592.0,10932.0,107194
29,2016,247.0,12078.0,247.0,0.0,88094
12,2024,52.0,253.0,52.0,23.0,4267
23,2016,256.0,3331.0,256.0,0.0,54276
21,2023,241.0,2097.0,241.0,78.0,38747
31,2019,1474.0,9301.0,1474.0,0.0,141022
31,2022,1724.0,11217.0,1724.0,7269.0,162615
15,2020,249.0,3999.0,249.0,7907.0,51643
26,2021,350.0,4066.0,350.0,12613.0,80717
26,2018,208.0,1852.0,208.0,0.0,62011
21,2018,159.0,1790.0,159.0,0.0,34525
31,2024,1645.0,10618.0,1645.0,681.0,163668
26,2023,393.0,2467.0,393.0,406.0,68527
41,2020,749.0,2054.0,749.0,8719.0,82573
41,2016,498.0,2639.0,498.0,0.0,74740
33,2016,649.0,7915.0,649.0,0.0,141089
33,2020,1102.0,14671.0,1102.0,31927.0,172185
24,2018,92.0,629.0,92.0,0.0,21209
14,2018,15.0,67.0,15.0,0.0,2787
14,2021,20.0,132.0,20.0,1221.0,4306
14,2023,24.0,120.0,24.0,8.0,3311
43,2021,787.0,5050.0,787.0,27227.0,117722
42,2016,199.0,1151.0,199.0,0.0,40270
27,2019,74.0,940.0,74.0,0.0,20287
27,2022,181.0,1487.0,181.0,735.0,23122
27,2024,171.0,1014.0,171.0,43.0,22653
13,2016,53.0,2087.0,53.0,0.0,16799
23,2020,617.0,2953.0,617.0,11848.0,69512
53,2017,62.0,264.0,62.0,0.0,12514
53,2019,89.0,266.0,89.0,0.0,12804
53,2022,124.0,367.0,124.0,727.0,14457
31,2017,814.0,10583.0,814.0,0.0,138118
15,2016,122.0,2903.0,122.0,0.0,38557
21,2021,239.0,2048.0,239.0,7520.0,44654
22,2018,104.0,859.0,104.0,0.0,19983
22,2021,192.0,1290.0,192.0,4488.0,26212
22,2023,158.0,1021.0,158.0,77.0,22529
11,2016,40.0,511.0,40.0,0.0,8344
11,2020,50.0,614.0,50.0,1890.0,10278
43,2023,875.0,4107.0,875.0,861.0,93516
24,2021,177.0,857.0,177.0,4972.0,26771
24,2023,180.0,763.0,180.0,120.0,22302
43,2018,710.0,4310.0,710.0,0.0,88618
42,2020,350.0,1263.0,350.0,5313.0,46444
28,2024,140.0,976.0,140.0,40.0,14453
16,2017,16.0,240.0,16.0,0.0,3158
16,2019,10.0,250.0,10.0,0.0,3524
16,2022,16.0,200.0,16.0,146.0,3846
16,2024,39.0,158.0,39.0,9.0,3903
12,2017,19.0,139.0,19.0,0.0,3832
12,2019,13.0,311.0,13.0,0.0,4098
12,2022,54.0,323.0,54.0,167.0,4159
27,2017,45.0,820.0,45.0,0.0,20673
53,2024,244.0,254.0,244.0,85.0,15878
28,2017,33.0,923.0,33.0,0.0,13321
28,2019,74.0,1108.0,74.0,0.0,13473
28,2022,78.0,1100.0,78.0,439.0,14791
17,2024,72.0,178.0,72.0,42.0,9427
17,2019,72.0,252.0,72.0,0.0,8021
17,2017,48.0,120.0,48.0,0.0,8052
17,2022,83.0,229.0,83.0,358.0,9370
12,2021,21.0,580.0,21.0,1305.0,5496
52,2016,165.0,900.0,165.0,0.0,38074
21,2022,266.0,2214.0,266.0,971.0,39936
32,2020,149.0,358.0,149.0,4840.0,29111
21,2024,293.0,2295.0,293.0,52.0,40143
31,2018,1338.0,9446.0,1338.0,0.0,135619
31,2023,1560.0,10393.0,1560.0,1139.0,157603
50,2020,170.0,587.0,170.0,2244.0,19051
25,2020,239.0,1853.0,239.0,3523.0,31107
31,2021,1702.0,11304.0,1702.0,44501.0,190085
51,2016,73.0,1037.0,73.0,0.0,17535
26,2024,390.0,2160.0,390.0,119.0,70793
26,2017,174.0,2045.0,174.0,0.0,64364
26,2019,201.0,2046.0,201.0,0.0,64295
21,2017,89.0,1871.0,89.0,0.0,35275
21,2019,172.0,1712.0,172.0,0.0,35128
26,2022,438.0,3817.0,438.0,2250.0,72011
22,2024,212.0,974.0,212.0,52.0,23476
24,2017,68.0,649.0,68.0,0.0,21409
24,2019,126.0,675.0,126.0,0.0,21767
43,2017,414.0,4082.0,414.0,0.0,86241
14,2017,10.0,75.0,10.0,0.0,2461
14,2019,16.0,93.0,16.0,0.0,2779
14,2022,17.0,139.0,17.0,92.0,3246
14,2024,13.0,108.0,13.0,5.0,3055
43,2022,914.0,5084.0,914.0,4653.0,104096
43,2024,990.0,4274.0,990.0,434.0,101480
35,2016,1310.0,15012.0,1310.0,0.0,296359
35,2020,3109.0,17890.0,3109.0,47520.0,349635
27,2021,140.0,1496.0,140.0,4239.0,25090
27,2023,167.0,993.0,167.0,80.0,21965
53,2018,88.0,233.0,88.0,0.0,12157
53,2021,82.0,367.0,82.0,5859.0,19079
53,2023,165.0,308.0,165.0,142.0,14079
50,2016,66.0,411.0,66.0,0.0,16749
25,2016,112.0,1757.0,112.0,0.0,28041
32,2016,88.0,234.0,88.0,0.0,22868
52,2020,489.0,896.0,489.0,7616.0,48358
22,2017,52.0,874.0,52.0,0.0,19850
22,2019,120.0,897.0,120.0,0.0,20528
22,2022,195.0,1166.0,195.0,723.0,24343
24,2024,183.0,783.0,183.0,63.0,23527
43,2019,784.0,4228.0,784.0,0.0,89238
24,2022,199.0,834.0,199.0,975.0,24219
28,2023,86.0,979.0,86.0,45.0,14087
16,2018,7.0,218.0,7.0,0.0,3345
16,2021,6.0,237.0,6.0,1068.0,4750
16,2023,19.0,220.0,19.0,7.0,3926
12,2018,21.0,213.0,21.0,0.0,4094
27,2018,62.0,696.0,62.0,0.0,19411
12,2023,34.0,241.0,34.0,36.0,4189
51,2020,150.0,1299.0,150.0,4381.0,23397
28,2018,63.0,957.0,63.0,0.0,13024
28,2021,65.0,1149.0,65.0,3543.0,16675
17,2023,66.0,237.0,66.0,83.0,8912
17,2018,74.0,167.0,74.0,0.0,7795
17,2021,76.0,253.0,76.0,2702.0,11514
